sku,agency,volume,0,1,2,3,4,5,6
SKU_01,Agency_01,83.5,70.01661,72.01879,93.326805,73.20222,77.47009,87.02859,91.34336
SKU_01,Agency_02,7196.0,6898.6904,6892.4688,7924.4775,6941.152,7146.463,7634.235,7976.383
SKU_01,Agency_03,2278.0,2105.3223,2079.7427,2755.0781,2126.113,2254.382,2579.3647,2868.4373
SKU_01,Agency_04,32.66,27.195995,27.737463,37.636963,28.634245,30.126585,34.712223,36.959785
SKU_01,Agency_05,12590.0,12130.677,12144.299,13682.126,12192.099,12500.84,13215.597,13649.915
SKU_01,Agency_07,10100.0,9436.421,9430.368,10671.536,9475.811,9714.476,10275.072,10639.532
SKU_01,Agency_08,189.2,173.38991,172.1601,198.08443,174.80576,176.62697,189.83644,196.53334
SKU_01,Agency_09,4116.0,3969.325,3957.8691,4395.368,3987.6162,4062.085,4248.229,4383.917
SKU_01,Agency_10,2384.0,2307.8315,2292.5168,2610.056,2321.6567,2353.834,2503.0652,2595.4644
SKU_01,Agency_11,335.5,317.81396,320.68176,355.13632,321.9654,329.96585,344.87222,352.34192
SKU_01,Agency_12,11624.0,10884.516,10907.311,12103.796,10950.638,11193.654,11730.717,12055.147
SKU_01,Agency_13,7136.0,6854.662,6841.342,7558.575,6873.82,7006.53,7321.166,7533.5737
SKU_01,Agency_15,1260.0,1144.0132,1143.5251,1313.4152,1154.8699,1180.5498,1257.024,1298.4795
SKU_01,Agency_16,9256.0,8965.1455,8960.814,9907.018,9002.913,9186.071,9615.905,9888.689
SKU_01,Agency_17,104.44,89.62738,88.826996,107.18661,90.62334,92.09353,101.3376,105.98417
SKU_01,Agency_18,4.49,2.7438645,2.6558323,5.191888,3.0218732,3.0567336,4.4032297,4.8692636
SKU_01,Agency_19,28.38,23.10225,22.839111,33.358986,23.879639,24.793846,30.19189,32.67544
SKU_01,Agency_20,3740.0,3609.6106,3591.9712,3945.9172,3622.6829,3667.2507,3819.168,3937.5645
SKU_01,Agency_21,47.22,44.581547,44.59648,52.311287,45.35359,46.429268,50.58503,52.61724
SKU_01,Agency_22,98.6,85.24944,86.80588,103.1432,87.39383,91.001465,98.198975,101.53718
SKU_01,Agency_23,41.34,37.293365,37.894135,44.288246,38.2449,39.54148,42.324467,43.66601
SKU_01,Agency_24,2.64,3.2319014,3.20764,4.3441086,3.3679519,3.3875468,3.9912639,4.210733
SKU_01,Agency_25,9.57,9.148622,9.0834255,12.761182,9.485553,9.8388815,11.773815,12.713472
SKU_01,Agency_26,0.369,1.2764463,1.2791758,1.5878987,1.3015132,1.3587044,1.5007132,1.5860908
SKU_01,Agency_27,2312.0,2183.868,2184.9956,2498.8088,2211.6167,2242.2317,2403.3164,2487.0332
SKU_01,Agency_28,33.38,19.56498,20.935701,35.529716,21.567543,24.656578,31.24965,34.1513
SKU_01,Agency_29,5.574,4.1194105,4.0674853,5.8659916,4.2333045,4.562641,5.318747,5.9393487
SKU_01,Agency_30,1318.0,1231.2104,1232.3693,1441.6152,1253.1973,1283.715,1373.6619,1428.812
SKU_01,Agency_31,221.6,208.40488,209.51419,239.80373,213.66377,216.7156,232.6633,239.47382
SKU_01,Agency_32,1998.0,1915.703,1918.117,2114.8218,1942.0852,1942.2345,2048.2322,2093.6042
SKU_01,Agency_38,10160.0,9446.899,9439.479,10392.281,9471.166,9654.442,10074.924,10349.586
SKU_01,Agency_39,3542.0,3256.1367,3229.016,3829.541,3272.7612,3366.973,3659.399,3916.2654
SKU_01,Agency_41,5948.0,5649.3623,5638.614,6239.188,5669.1895,5779.087,6038.0327,6217.417
SKU_01,Agency_42,358.0,339.7424,338.2226,386.8376,344.68015,346.1503,371.79495,382.81516
SKU_01,Agency_43,483.5,392.6063,389.2077,505.84344,402.79248,416.30432,453.92987,516.4712
SKU_01,Agency_44,16.38,5.6971917,3.7845316,25.895844,7.675551,6.923678,19.91452,24.906754
SKU_01,Agency_45,74.8,67.77317,67.89876,78.75718,68.54874,70.52165,75.52295,78.19198
SKU_01,Agency_46,4216.0,3943.1787,3918.0344,4415.8154,3953.9688,4017.811,4240.778,4403.4355
SKU_01,Agency_47,7.742,7.631072,7.602868,10.599075,8.056572,8.2419,9.846311,10.4852
SKU_01,Agency_48,3562.0,3449.292,3459.3665,3811.7007,3480.4692,3537.5215,3697.963,3775.817
SKU_01,Agency_49,2552.0,2430.3252,2442.927,2704.2905,2466.2551,2502.0354,2623.0967,2673.6619
SKU_01,Agency_50,1596.0,1517.5924,1510.1145,1687.6338,1528.9254,1541.6427,1630.3784,1677.5939
SKU_01,Agency_51,4776.0,4452.5845,4428.774,4960.564,4462.565,4538.0693,4773.693,4945.8853
SKU_01,Agency_52,154.5,136.90344,137.09035,157.43326,138.72731,143.10483,151.19049,157.3441
SKU_01,Agency_53,4844.0,4499.851,4492.616,5065.6387,4519.491,4619.248,4872.98,5029.217
SKU_01,Agency_54,74.06,68.700874,68.57059,79.97788,69.58541,71.55777,76.38764,80.34318
SKU_01,Agency_55,4600.0,4298.6245,4293.34,5133.044,4327.1045,4494.1387,4885.645,5142.638
SKU_01,Agency_56,4384.0,4209.635,4187.9644,4957.453,4230.677,4375.0938,4751.38,5040.2485
SKU_01,Agency_57,9390.0,8436.492,8447.52,9492.92,8475.008,8683.852,9165.408,9454.463
SKU_01,Agency_58,6540.0,6409.763,6393.593,7054.0625,6428.7114,6530.3926,6828.2656,7015.7
SKU_01,Agency_59,8510.0,8228.305,8219.895,9054.145,8258.705,8414.17,8786.064,9023.332
SKU_01,Agency_60,11750.0,11267.721,11269.638,12170.545,11298.053,11471.483,11875.095,12118.486
SKU_02,Agency_01,66.9,55.34266,56.741596,78.2578,58.100365,62.45596,72.395584,77.23614
SKU_02,Agency_02,7996.0,7765.6514,7804.449,9042.691,7854.426,8165.5566,8830.273,9392.77
SKU_02,Agency_03,782.0,696.8948,690.9427,830.4079,709.39294,726.082,772.5538,875.25836
SKU_02,Agency_04,8.46,3.8274398,4.11334,11.250879,4.801452,5.8656034,9.1438675,10.85689
SKU_02,Agency_05,1290.0,1174.9095,1173.5217,1318.332,1186.8013,1205.2152,1271.9564,1308.4578
SKU_02,Agency_07,952.5,829.47644,823.43756,992.9232,840.10693,856.4322,936.50073,982.4912
SKU_02,Agency_08,3.008,2.8112195,2.7318654,4.968414,2.9859388,3.145494,4.3032317,4.9142346
SKU_02,Agency_09,1456.0,1357.5201,1356.2733,1498.946,1370.5825,1390.4092,1454.8759,1494.1316
SKU_02,Agency_10,213.1,201.41586,199.78947,232.94092,204.77391,205.06282,224.90428,232.98425
SKU_02,Agency_11,8.34,6.714859,6.797723,11.141967,7.135446,7.96323,9.937936,11.067616
SKU_02,Agency_12,5190.0,4338.8813,4365.625,5367.6904,4399.3145,4647.96,5202.672,5661.9893
SKU_02,Agency_13,4304.0,3758.4907,3749.2617,4501.903,3790.8481,3931.247,4323.1123,4644.503
SKU_02,Agency_15,390.0,268.51074,263.15247,388.09235,274.7714,286.93683,347.09558,380.48575
SKU_02,Agency_16,4074.0,3528.7034,3515.9187,4235.39,3559.7852,3690.0022,4074.3105,4384.117
SKU_02,Agency_17,984.0,924.854,920.86,1006.2003,929.9584,934.989,979.06244,1000.9792
SKU_02,Agency_18,53.1,38.0665,37.30427,59.97111,40.89138,40.902096,53.01048,57.114616
SKU_02,Agency_19,87.44,83.105705,82.450195,96.945564,84.59167,84.80853,92.98851,96.212326
SKU_02,Agency_20,11400.0,10754.927,10772.588,11912.512,10801.163,11076.54,11698.849,12224.547
SKU_02,Agency_21,98.6,91.60243,91.71924,106.59871,93.38032,95.38924,103.81287,107.96284
SKU_02,Agency_22,163.2,152.40308,153.00388,169.35245,153.85435,157.1861,164.76167,168.66019
SKU_02,Agency_23,51.44,47.241318,47.129913,53.139183,47.74174,48.74756,51.42069,53.346344
SKU_02,Agency_24,119.0,116.33506,115.4435,130.80818,118.07595,117.521835,126.192375,129.19438
SKU_02,Agency_25,65.1,52.361084,51.695,74.33734,54.06042,56.024006,68.24003,74.185974
SKU_02,Agency_26,0.4734,1.358843,1.3452749,1.8063649,1.3918025,1.4432837,1.6705791,1.8071426
SKU_02,Agency_27,805.5,782.3949,786.257,894.1306,802.17535,798.6247,877.48425,909.3336
SKU_02,Agency_28,37.47,31.74406,32.427944,44.369045,33.247875,35.330193,40.975887,43.49056
SKU_02,Agency_29,4.457,4.7512016,4.7262588,6.2075024,4.8926334,5.1527963,5.773717,6.3235555
SKU_02,Agency_30,194.8,176.14766,177.40329,203.29073,179.25641,184.24275,196.11772,202.19348
SKU_02,Agency_31,32.2,30.120703,30.428982,35.006256,31.08676,31.683485,34.37993,35.599957
SKU_02,Agency_32,2756.0,2577.984,2584.9182,2880.5608,2612.628,2637.8398,2781.7532,2853.4824
SKU_02,Agency_38,4480.0,4235.7344,4212.246,4593.8066,4249.2163,4290.6206,4460.3228,4619.0596
SKU_02,Agency_39,4892.0,4627.277,4598.447,5104.332,4650.4014,4710.4795,4945.0166,5181.502
SKU_02,Agency_41,4844.0,4585.242,4561.3574,5068.9165,4605.883,4662.5703,4904.389,5071.192
SKU_02,Agency_42,205.9,195.4873,194.81021,223.94476,199.10999,199.77751,215.50636,222.25261
SKU_02,Agency_43,394.0,310.324,306.40115,388.13043,315.55402,318.14835,340.21066,396.04156
SKU_02,Agency_44,4.895,2.39353,1.5450176,10.82511,3.4616194,2.7410715,8.556532,10.734315
SKU_02,Agency_45,63.84,55.620697,55.142406,68.31127,56.523888,57.865074,64.481766,68.1258
SKU_02,Agency_46,5096.0,4915.8276,4889.671,5338.8203,4935.8813,4984.796,5194.4,5374.071
SKU_02,Agency_47,0.603,1.6275909,1.622855,1.9197874,1.6703953,1.6844832,1.8481606,1.9140795
SKU_02,Agency_48,682.5,615.9502,619.4792,713.30695,631.67096,640.59344,685.08655,703.3362
SKU_02,Agency_49,3424.0,3297.808,3299.3892,3604.332,3331.9766,3361.0977,3513.0325,3575.4097
SKU_02,Agency_50,12650.0,12512.9375,12506.411,13675.769,12595.204,12823.658,13430.85,13994.615
SKU_02,Agency_51,5020.0,4695.546,4666.291,5152.016,4714.7144,4765.4053,4993.7017,5190.338
SKU_02,Agency_52,1153.0,1076.9807,1073.5541,1151.6831,1082.5992,1094.9609,1125.3433,1160.001
SKU_02,Agency_53,8036.0,7725.0483,7714.294,8588.874,7772.3906,7940.268,8402.426,8769.254
SKU_02,Agency_54,47.6,44.161972,44.057587,49.628735,44.53671,45.424046,47.865746,50.185936
SKU_02,Agency_55,1391.0,1210.4354,1192.7346,1508.2765,1221.3142,1259.332,1399.055,1512.416
SKU_02,Agency_56,1131.0,978.76166,957.12823,1336.6869,998.4447,1040.4994,1208.7426,1369.791
SKU_02,Agency_57,5164.0,4237.3027,4255.047,5131.2563,4281.9854,4489.007,4975.4004,5339.142
SKU_02,Agency_58,4066.0,3775.0452,3735.7983,4343.257,3811.43,3846.858,4187.8994,4380.066
SKU_02,Agency_59,3966.0,3454.7183,3420.0708,4045.5303,3477.0156,3552.3552,3865.3792,4116.916
SKU_02,Agency_60,4544.0,4096.4077,4084.8857,4642.3096,4118.413,4209.378,4485.673,4685.3135
SKU_03,Agency_01,40.78,35.079025,35.813396,48.23551,37.20052,38.793026,44.683388,47.070736
SKU_03,Agency_02,14770.0,13905.58,14214.673,15936.008,14236.707,14638.334,15967.34,16560.377
SKU_03,Agency_03,10184.0,9814.99,9908.288,10831.338,9946.319,10113.541,10776.152,11101.581
SKU_03,Agency_04,589.0,527.78595,531.35657,618.8774,540.65533,550.3862,592.1523,612.0627
SKU_03,Agency_05,1035.0,912.6071,914.2745,1108.2687,936.5582,953.8547,1046.4845,1091.8988
SKU_03,Agency_07,615.0,531.6277,532.32404,649.4213,545.5283,556.1616,615.08527,643.8209
SKU_03,Agency_08,12.96,11.626044,11.43641,15.547617,11.978315,12.120035,14.341739,15.400467
SKU_03,Agency_09,6930.0,6619.1313,6677.9795,7367.612,6694.7793,6838.68,7291.0474,7539.1777
SKU_03,Agency_10,3424.0,3215.5425,3229.4583,3659.2952,3256.6926,3323.6035,3575.3767,3718.975
SKU_03,Agency_11,183.2,160.8827,161.34087,191.10516,164.66817,168.14943,182.89616,189.64987
SKU_03,Agency_12,611.0,570.70905,575.6524,665.6185,584.5267,599.4983,642.707,669.69543
SKU_03,Agency_13,270.0,248.03568,243.9942,318.14148,256.36798,254.84381,296.71045,312.13367
SKU_03,Agency_15,112.6,101.55681,100.96209,129.94269,104.36566,106.40598,121.61485,128.27876
SKU_03,Agency_16,183.2,165.01392,165.35083,209.29123,170.75972,174.07422,196.99756,206.7716
SKU_03,Agency_17,23.0,18.245071,18.033642,22.86568,18.619518,18.827707,21.381546,22.559427
SKU_03,Agency_18,21.81,10.657184,9.918836,31.68386,13.636575,13.364594,25.197727,29.174265
SKU_03,Agency_19,61.97,59.17703,58.531574,71.31772,61.450256,60.770813,68.798584,71.84743
SKU_03,Agency_20,320.5,273.07367,273.0872,352.0866,280.94055,289.74652,328.5682,347.40137
SKU_03,Agency_21,32.75,30.284496,30.282013,35.834534,31.007338,31.580296,34.668743,36.085102
SKU_03,Agency_22,91.0,85.70943,86.32626,95.64702,87.08785,88.58701,92.93473,94.69826
SKU_03,Agency_23,12.875,10.38427,10.3692875,14.445275,10.922968,11.182889,13.081895,14.396267
SKU_03,Agency_24,6.707,5.622847,5.401707,8.846828,6.0513763,5.85731,7.846327,8.532751
SKU_03,Agency_25,7.875,6.5502877,6.4734945,10.643058,6.9989533,7.2707233,9.566076,10.594559
SKU_03,Agency_26,0.2693,1.2751694,1.2747387,1.3663173,1.2842879,1.2983161,1.3428303,1.3680927
SKU_03,Agency_27,4292.0,4017.8682,4128.1953,4782.588,4175.3423,4297.3906,4777.076,4989.903
SKU_03,Agency_28,132.2,99.2563,102.77162,161.5077,107.71294,116.64981,144.16675,156.1588
SKU_03,Agency_29,4.516,3.529527,3.495618,5.9640827,3.7613099,4.184427,5.235442,6.0732536
SKU_03,Agency_30,11336.0,10947.241,11147.228,12082.496,11110.041,11427.773,12117.634,12475.5205
SKU_03,Agency_31,593.0,580.6807,582.3971,636.0817,591.388,595.3459,627.2854,641.6982
SKU_03,Agency_32,1077.0,960.615,960.0643,1131.4734,983.51654,978.85583,1076.8035,1118.0249
SKU_03,Agency_33,4.74,4.4255123,4.3474407,6.9525166,4.663238,4.8019657,6.1737514,6.804711
SKU_03,Agency_34,3.64,4.3329167,4.321729,5.247134,4.453574,4.5217886,5.0543056,5.277249
SKU_03,Agency_35,8.71,6.902956,6.985195,12.560823,7.462571,8.340898,11.059876,12.452474
SKU_03,Agency_36,9.73,9.621372,9.739984,11.862432,9.950193,10.233476,11.239492,11.710046
SKU_03,Agency_38,2216.0,2051.9578,2040.0238,2343.77,2073.5293,2100.8345,2242.8726,2336.006
SKU_03,Agency_39,278.5,241.73111,240.07227,304.56433,247.43488,252.06926,283.96997,300.57278
SKU_03,Agency_40,16.56,14.241565,14.098221,18.20811,14.589425,14.892241,16.932173,17.993954
SKU_03,Agency_41,1185.0,1033.5635,1028.3943,1233.2988,1046.7871,1065.2391,1167.0146,1218.9183
SKU_03,Agency_42,1028.0,827.6461,819.94684,1001.5516,843.96136,846.4733,943.77545,986.5192
SKU_03,Agency_43,105.44,65.04912,63.31163,119.918304,70.585266,73.56177,90.663055,126.16837
SKU_03,Agency_44,63.56,32.16155,25.05878,80.731316,39.399918,32.30532,67.49361,79.94734
SKU_03,Agency_45,30.97,29.54113,29.343092,35.035732,30.368326,30.508596,33.823368,35.169678
SKU_03,Agency_46,2492.0,2228.2998,2209.6,2549.6392,2245.2634,2269.0364,2434.7698,2535.741
SKU_03,Agency_47,255.4,246.01233,245.26157,272.2387,250.39806,250.6185,265.60297,271.29956
SKU_03,Agency_48,9360.0,8872.592,8921.745,9872.424,9060.86,9141.11,9751.699,10019.471
SKU_03,Agency_49,10480.0,9994.32,9970.778,10898.968,10105.43,10127.991,10696.037,10925.624
SKU_03,Agency_50,509.5,442.20978,439.4402,547.1226,452.9412,459.95255,514.34827,544.4717
SKU_03,Agency_51,4770.0,4423.5874,4400.055,4862.1675,4449.959,4491.9243,4724.215,4891.5146
SKU_03,Agency_52,39.9,34.572487,34.512478,41.67689,35.39842,36.634663,39.513878,42.118073
SKU_03,Agency_53,451.5,377.0796,376.73914,486.45343,390.70508,397.52,454.1452,477.22968
SKU_03,Agency_54,200.4,183.56825,184.22061,207.76779,185.83264,189.27103,201.13469,210.4914
SKU_03,Agency_55,5630.0,5191.594,5281.818,5882.325,5279.0615,5434.597,5850.586,6059.204
SKU_03,Agency_56,6384.0,6040.29,6149.3184,6864.5244,6125.1035,6330.0957,6828.142,7099.6187
SKU_03,Agency_57,1196.0,991.29407,984.2489,1164.1107,1010.5193,1012.87506,1109.9752,1149.0098
SKU_03,Agency_58,301.5,281.108,277.94778,340.36752,291.84268,286.6149,324.45874,339.82895
SKU_03,Agency_59,765.5,720.259,718.3478,829.5475,732.6205,738.08673,797.1423,823.3612
SKU_03,Agency_60,445.8,404.48413,405.4303,512.9291,418.52274,426.0969,481.71616,504.68842
SKU_04,Agency_01,191.2,156.09421,160.90175,223.71527,166.90903,177.02829,206.44406,219.00566
SKU_04,Agency_02,4078.0,3597.7244,3632.359,4428.1646,3706.579,3887.9192,4269.0474,4621.2256
SKU_04,Agency_03,1685.0,1478.405,1473.1151,1791.6184,1517.9397,1557.469,1681.3062,1846.8435
SKU_04,Agency_04,99.25,83.43941,84.901535,111.32372,87.52027,91.49104,103.803444,109.925156
SKU_04,Agency_05,4210.0,3594.1287,3605.3083,4266.9727,3673.147,3802.4922,4118.1147,4394.107
SKU_04,Agency_07,1830.0,1527.9211,1524.8243,1879.5128,1570.1613,1615.3467,1769.0659,1896.154
SKU_04,Agency_08,167.6,150.96927,151.13583,173.7515,153.92448,155.96034,167.40636,173.04007
SKU_04,Agency_09,1769.0,1489.5991,1485.7761,1919.0891,1542.8613,1601.5204,1790.9309,1964.1691
SKU_04,Agency_10,1131.0,1006.6653,1008.57526,1224.987,1035.4125,1052.8331,1163.6093,1216.2202
SKU_04,Agency_11,133.5,110.74093,113.20568,147.7342,116.10649,122.36278,138.24214,145.68442
SKU_04,Agency_12,1650.0,1449.2759,1451.6998,1694.3385,1476.6946,1521.9785,1622.0927,1705.5111
SKU_04,Agency_13,1333.0,1106.2715,1104.2256,1509.8188,1155.2458,1197.8607,1385.9918,1513.5518
SKU_04,Agency_15,168.5,144.27863,145.1413,179.87068,149.13414,152.99826,170.36928,178.54099
SKU_04,Agency_16,1040.0,852.0495,851.26324,1153.8247,889.03876,925.7785,1061.4038,1156.1073
SKU_04,Agency_17,251.1,220.08524,220.47018,256.76294,224.90234,228.21794,246.55673,255.39876
SKU_04,Agency_18,163.8,124.684715,124.36929,164.59296,130.99464,131.53023,152.84334,160.0861
SKU_04,Agency_19,134.0,118.192154,118.344086,146.11449,122.2349,123.78697,138.67836,144.62402
SKU_04,Agency_20,1663.0,1389.8177,1389.2307,1671.1486,1424.5559,1458.273,1583.5146,1669.8483
SKU_04,Agency_21,34.22,28.581173,28.996742,36.91963,29.867023,31.167263,35.200302,37.126247
SKU_04,Agency_22,65.8,54.572258,55.76585,69.35838,56.886616,59.36386,65.70748,68.4083
SKU_04,Agency_23,35.12,25.546862,26.200346,36.097298,27.164951,28.712849,33.324017,35.374916
SKU_04,Agency_24,79.2,65.041405,64.60371,87.5579,68.83278,68.33603,81.08712,85.44196
SKU_04,Agency_25,17.84,15.407314,15.530441,21.521084,16.251099,16.895464,19.995434,21.474062
SKU_04,Agency_26,5.188,4.1166973,4.228159,7.4156756,4.5583215,5.056704,6.5925283,7.381098
SKU_04,Agency_27,4824.0,4513.7104,4551.002,5328.0586,4623.736,4800.972,5179.1685,5493.9824
SKU_04,Agency_28,37.0,24.315445,25.613853,42.680984,27.049187,29.946962,37.95966,41.354183
SKU_04,Agency_29,31.95,28.350622,28.404007,32.461926,28.873165,29.649864,31.346033,32.712265
SKU_04,Agency_30,3508.0,3184.4397,3177.4287,3573.4463,3227.7534,3280.081,3454.6384,3604.9224
SKU_04,Agency_31,945.0,825.731,832.2296,1010.8756,850.8478,875.01776,958.84344,1001.3346
SKU_04,Agency_32,2832.0,2495.72,2503.6501,2981.0981,2552.1123,2627.5547,2846.4915,2988.9736
SKU_04,Agency_33,9.09,1.8303888,1.8805157,7.1343126,2.4170961,2.9708812,5.599497,6.907575
SKU_04,Agency_34,4.824,1.6947159,1.7874881,5.692744,2.1839747,2.6412003,4.675385,5.6266346
SKU_04,Agency_35,2.414,1.4005425,1.4327817,3.0154698,1.579387,1.7884883,2.5577066,2.974523
SKU_04,Agency_36,2.258,1.0824118,1.1554863,2.4426537,1.2462623,1.4570944,2.0744977,2.37383
SKU_04,Agency_37,6.06,0.031091915,0.051266506,10.409786,0.18045193,0.87193024,6.816776,9.895704
SKU_04,Agency_38,1506.0,1281.0054,1279.8826,1538.8988,1310.4277,1341.8909,1459.26,1536.0869
SKU_04,Agency_39,1359.0,1100.2941,1096.5134,1409.4551,1135.9541,1173.3368,1308.7402,1416.2731
SKU_04,Agency_40,130.1,0.0035875125,0.0023410155,92.71354,5.1600094,14.9891205,63.379116,88.178055
SKU_04,Agency_41,1183.0,1045.3901,1049.4663,1267.1733,1072.5973,1103.9161,1203.647,1263.6508
SKU_04,Agency_42,144.2,120.97459,121.150375,146.85942,124.66951,126.22321,139.87685,145.75005
SKU_04,Agency_43,313.0,258.57715,257.65308,334.5284,267.62085,274.84396,300.54382,342.7065
SKU_04,Agency_44,26.02,7.8559375,6.8910985,28.255547,11.170394,10.611163,22.99199,27.566353
SKU_04,Agency_45,191.9,154.09906,154.92041,194.20508,159.46356,163.57037,183.35808,192.37186
SKU_04,Agency_46,3406.0,3022.969,3017.3176,3485.8975,3076.9116,3134.8174,3345.3555,3518.214
SKU_04,Agency_47,72.44,62.95349,63.299847,83.73764,66.53807,67.95561,78.857056,83.15832
SKU_04,Agency_48,2604.0,2327.5684,2346.7002,2761.2498,2387.7239,2457.7524,2649.7766,2752.4
SKU_04,Agency_49,2734.0,2450.3179,2473.5295,2937.9094,2516.8022,2594.749,2813.3267,2923.7998
SKU_04,Agency_50,2618.0,2330.2588,2325.9458,2796.9514,2387.3242,2441.359,2652.8567,2826.782
SKU_04,Agency_51,3408.0,3100.4973,3097.4888,3441.5076,3140.1567,3177.9822,3335.4866,3442.855
SKU_04,Agency_52,206.6,171.58275,172.66261,212.42831,177.07024,184.83618,201.59256,213.313
SKU_04,Agency_53,2278.0,1960.3096,1957.2766,2346.2278,2004.0986,2053.1665,2230.4993,2353.0532
SKU_04,Agency_54,112.0,84.99463,85.443535,115.7454,88.710526,93.262314,106.55921,116.89285
SKU_04,Agency_55,2412.0,2001.3857,1999.1685,2453.533,2055.312,2123.6616,2324.7795,2508.2415
SKU_04,Agency_56,2644.0,2291.8906,2284.2993,2650.4333,2329.9546,2375.1592,2532.1982,2676.5815
SKU_04,Agency_57,2178.0,1804.3702,1804.1051,2131.9033,1842.797,1888.0479,2036.1638,2136.0273
SKU_04,Agency_58,1728.0,1576.6454,1575.3944,1913.3593,1625.2007,1642.3591,1817.5784,1899.9983
SKU_04,Agency_59,1551.0,1348.8351,1350.4948,1623.264,1383.7034,1412.9288,1543.7139,1616.9045
SKU_04,Agency_60,1978.0,1767.7612,1781.7043,2093.0364,1810.7666,1858.9006,2000.3533,2075.3657
SKU_05,Agency_01,20.48,18.81604,19.036964,22.360367,19.398233,19.858534,21.420116,22.061916
SKU_05,Agency_02,2116.0,1836.6373,1842.7627,2352.276,1899.2958,1982.0779,2215.0325,2402.0842
SKU_05,Agency_03,734.0,683.56305,682.6516,749.0678,691.9794,703.78174,729.2071,769.7197
SKU_05,Agency_04,2.188,2.2290602,2.2955012,3.6590092,2.434001,2.6015925,3.2400074,3.5593874
SKU_05,Agency_05,430.0,404.46597,405.26645,449.08218,412.06503,414.20248,435.6917,444.45517
SKU_05,Agency_07,129.0,92.78441,93.513336,141.82083,98.98702,103.82422,127.97777,139.38196
SKU_05,Agency_08,5.676,4.9494457,4.9268236,7.0618715,5.204473,5.3427534,6.454121,6.9848976
SKU_05,Agency_09,1332.0,1234.0991,1238.94,1384.106,1255.1628,1272.0685,1340.6602,1373.4452
SKU_05,Agency_10,147.1,111.40493,110.14379,157.3072,117.890526,118.47835,145.21591,155.632
SKU_05,Agency_11,4.742,4.2047973,4.2999053,6.095036,4.487747,4.7590823,5.6149693,6.018297
SKU_05,Agency_12,2184.0,1928.4425,1942.4542,2336.727,1986.5474,2050.8347,2249.3606,2376.769
SKU_05,Agency_13,1379.0,1286.258,1282.3436,1408.4048,1300.4178,1302.4868,1371.009,1397.1598
SKU_05,Agency_15,182.5,166.88708,166.95396,186.2433,169.26698,170.92155,180.86636,185.27815
SKU_05,Agency_16,1393.0,1303.3535,1304.7406,1424.091,1319.0868,1328.3479,1388.2692,1414.4995
SKU_05,Agency_17,665.5,619.3179,618.48,679.2688,625.9949,629.88196,661.4352,675.78815
SKU_05,Agency_18,402.0,364.08203,362.7297,410.15393,370.49423,370.58618,395.95862,404.62457
SKU_05,Agency_19,103.4,97.395096,96.87862,113.27759,100.64331,99.91847,109.78093,113.42368
SKU_05,Agency_20,3208.0,2985.587,2979.9102,3304.3677,3019.7034,3054.1975,3202.6348,3302.4146
SKU_05,Agency_21,290.5,253.91747,255.29424,303.12775,260.91663,267.22775,291.8848,303.2223
SKU_05,Agency_22,299.5,276.30975,278.6396,309.74384,281.47586,286.49316,301.02652,306.97778
SKU_05,Agency_23,645.5,568.7861,570.51514,672.61926,583.4069,588.6174,638.48376,665.48145
SKU_05,Agency_24,507.5,468.97043,466.46384,534.65826,478.68906,476.27332,514.4572,527.429
SKU_05,Agency_25,612.0,540.1945,539.4825,635.95856,551.3663,558.4593,609.0978,632.38635
SKU_05,Agency_26,0.133,1.3260216,1.3271295,1.398073,1.3348429,1.3458972,1.3795763,1.3983078
SKU_05,Agency_27,85.5,82.13047,82.15343,91.49529,83.83633,83.08545,89.79766,92.36299
SKU_05,Agency_28,1.338,2.170726,2.1845465,2.3894544,2.2004616,2.2346363,2.3299065,2.3717515
SKU_05,Agency_29,22.38,19.396725,19.43745,23.945248,19.945915,20.785604,22.681406,24.153927
SKU_05,Agency_30,240.6,215.63242,216.95474,237.80348,218.72849,222.39319,232.00888,236.50789
SKU_05,Agency_31,20.86,19.606808,19.774836,23.415442,20.410847,20.728111,22.75921,23.663082
SKU_05,Agency_32,3436.0,3146.3752,3150.9211,3509.189,3196.855,3206.4636,3393.571,3477.6313
SKU_05,Agency_38,3486.0,3268.582,3265.5044,3698.4622,3317.8179,3374.39,3575.2166,3722.0718
SKU_05,Agency_39,6670.0,6365.325,6433.8022,7088.2563,6466.298,6662.878,7028.431,7332.423
SKU_05,Agency_41,2934.0,2750.5688,2754.0452,3060.4856,2786.742,2822.4524,2969.6968,3048.0752
SKU_05,Agency_42,465.8,429.4123,429.326,482.83176,437.1468,439.217,467.8319,480.12195
SKU_05,Agency_43,482.0,413.71228,411.70465,485.15765,420.83356,426.76733,450.4505,492.43893
SKU_05,Agency_44,1.79,1.7006292,1.5997629,3.1653392,1.9362804,1.836903,2.778076,3.1320894
SKU_05,Agency_45,464.8,383.44617,382.90146,471.2973,396.5585,400.87762,447.08728,466.0255
SKU_05,Agency_46,4404.0,4105.1694,4100.768,4501.5044,4150.5054,4193.762,4382.072,4505.176
SKU_05,Agency_47,0.213,1.3530384,1.3525417,1.4313595,1.3650162,1.3692695,1.4121155,1.4290205
SKU_05,Agency_48,1752.0,1649.2178,1655.5593,1805.6305,1677.0223,1690.6174,1761.2952,1790.0767
SKU_05,Agency_49,2792.0,2603.812,2608.8054,2918.1162,2658.296,2676.1272,2828.032,2886.91
SKU_05,Agency_50,3924.0,3618.824,3608.2847,4113.157,3672.5156,3722.5486,3957.2888,4131.956
SKU_05,Agency_51,2166.0,1921.856,1914.8035,2293.7556,1962.0874,2003.3363,2177.1338,2297.8596
SKU_05,Agency_52,831.0,758.7285,758.3353,844.0458,769.3731,784.80853,818.74457,851.60077
SKU_05,Agency_53,6270.0,5766.016,5809.4136,6376.9956,5861.6895,5969.3457,6296.1523,6477.3027
SKU_05,Agency_54,100.9,92.479454,92.75345,104.44253,93.85549,95.45304,100.88752,105.09423
SKU_05,Agency_55,567.0,306.81952,303.51675,642.66565,343.11362,388.89984,543.6509,649.5162
SKU_05,Agency_56,288.8,118.96583,121.85516,239.69824,132.88641,152.1002,205.71121,236.49266
SKU_05,Agency_57,2182.0,1898.3207,1900.3275,2119.1143,1926.8722,1944.5519,2050.9866,2098.8328
SKU_05,Agency_58,1496.0,1381.5304,1374.2933,1580.7372,1416.8093,1406.7434,1525.387,1573.8413
SKU_05,Agency_59,1580.0,1451.9136,1451.7883,1622.7904,1472.4542,1484.8649,1572.0598,1611.4955
SKU_05,Agency_60,2022.0,1888.3226,1893.3007,2113.4578,1920.8533,1938.2654,2048.6172,2094.9277
SKU_06,Agency_27,37.16,28.196266,29.579193,46.26207,31.871035,33.783657,42.54779,46.255653
SKU_06,Agency_28,455.0,303.10413,313.6633,451.819,329.0324,349.0238,417.26154,444.61652
SKU_06,Agency_29,12.01,9.933733,10.123652,13.528213,10.472925,11.168848,12.6469145,13.595519
SKU_06,Agency_30,6.89,6.7669883,6.923958,9.131104,7.1915536,7.494931,8.605503,9.047855
SKU_07,Agency_12,15.734,12.894125,13.4331,18.35893,13.703536,14.871458,17.09841,18.197311
SKU_07,Agency_13,11.81,11.50875,11.687907,14.385664,11.921527,12.382611,13.654863,14.250343
SKU_07,Agency_16,18.77,13.778201,14.4278555,20.607613,14.791004,16.144281,18.97637,20.26957
SKU_07,Agency_20,5.2,5.099638,5.2879233,7.020372,5.3774,5.7789025,6.5698166,6.938094
SKU_07,Agency_38,82.9,76.16708,77.75824,94.115166,78.719025,82.40999,89.85035,93.46026
SKU_07,Agency_39,8.85,7.6817575,7.9056077,10.379673,8.062377,8.622989,9.737754,10.308916
SKU_07,Agency_48,15.73,11.531776,12.187509,19.416399,12.919505,14.071544,17.409498,18.80113
SKU_07,Agency_49,5.45,2.2256835,2.5157523,6.348485,2.9339597,3.456021,5.2597303,5.9780703
SKU_07,Agency_51,12.016,6.582079,7.4554324,16.042158,7.937698,9.9293585,13.817482,15.716861
SKU_07,Agency_53,25.56,17.304737,18.735125,32.173046,19.521774,22.456848,28.604145,31.371006
SKU_07,Agency_57,131.1,120.16429,121.64263,135.68248,122.58936,125.48816,131.87422,134.6964
SKU_07,Agency_58,42.94,39.397694,39.631733,46.63099,40.635372,41.18666,44.672638,46.03204
SKU_07,Agency_59,15.375,13.850734,14.084278,16.690641,14.262578,14.812711,16.009905,16.582588
SKU_07,Agency_60,72.44,65.90621,66.92822,75.8786,67.538086,69.38035,73.40431,75.12974
SKU_08,Agency_19,2.469,3.298026,3.3028414,3.7572336,3.405767,3.3845956,3.7164733,3.8534894
SKU_08,Agency_27,325.0,304.44708,306.0335,360.79004,315.82318,314.80872,349.5014,363.4382
SKU_08,Agency_28,8.65,8.023597,8.048473,9.41742,8.266377,8.157856,9.148464,9.536386
SKU_08,Agency_29,2.62,3.1828368,3.202833,3.6954603,3.2613623,3.3510246,3.5630958,3.7045655
SKU_08,Agency_30,115.4,104.67485,105.23655,121.814224,107.50613,108.85384,117.4189,121.0073
SKU_08,Agency_31,6.47,5.9788294,6.1069655,7.8276587,6.405648,6.5160484,7.685795,8.200907
SKU_08,Agency_45,7.74,8.50143,8.513774,9.466758,8.705134,8.645908,9.310226,9.584292
SKU_11,Agency_01,18.16,13.734668,13.76139,17.40786,14.262134,14.705751,15.835251,18.043224
SKU_11,Agency_02,7.434,1.0949381e-05,1.0995507e-05,6.970816,0.00010170491,0.0009517105,0.18327957,9.504091
SKU_11,Agency_26,6.637,6.01044,6.020459,7.6396947,6.241001,6.399943,6.86973,7.9189568
SKU_12,Agency_02,30.47,20.010584,20.146227,35.41161,21.823784,24.191795,30.173819,35.481514
SKU_14,Agency_05,6.684,3.2443314,3.4795144,9.316573,4.148771,5.100669,7.879093,9.540792
SKU_14,Agency_32,5.63,3.6002815,3.8496435,9.36774,4.5354724,4.723492,7.612298,8.895123
SKU_14,Agency_38,3.676,2.6713033,2.7120376,5.4090853,3.0652509,3.3654647,4.609054,5.4687324
SKU_14,Agency_54,0.1306,1.3191861,1.3217034,1.4248289,1.3338339,1.3506113,1.3905133,1.4423734
SKU_15,Agency_53,4.87,2.4624934,2.7929556,7.698114,3.50174,3.9811883,6.2374616,7.1401105
SKU_15,Agency_54,0.1158,1.3178707,1.3257725,1.4340649,1.3406707,1.3497775,1.4003992,1.4223591
SKU_17,Agency_46,7.543,2.0307236,2.3736813,10.50383,3.2118251,4.171201,8.216706,9.945301
SKU_17,Agency_47,0.06824,1.296421,1.3010885,1.3737918,1.3122706,1.3192877,1.3551364,1.3691361
SKU_17,Agency_48,1.13,1.3069535,1.3734527,2.4491613,1.4925498,1.6179976,2.134465,2.3528059
SKU_17,Agency_50,1.844,1.2732528,1.3499137,3.4948273,1.5480088,1.7897662,2.8511286,3.3636725
SKU_17,Agency_51,1.136,1.3988965,1.4633127,2.5207481,1.5908812,1.7076062,2.2172031,2.4302888
SKU_17,Agency_57,2.037,1.6686023,1.7630268,3.4752584,2.0123363,2.1513746,2.9622145,3.296918
SKU_17,Agency_58,1.191,1.439035,1.4488113,2.4448369,1.6026039,1.6362953,2.1590593,2.3637443
SKU_17,Agency_59,1.248,1.3745587,1.4451377,2.7974088,1.6160506,1.7454723,2.4064069,2.6786275
SKU_18,Agency_26,3.988,3.6606936,3.6981745,5.4886975,3.92126,4.2026234,4.9445043,5.535935
SKU_18,Agency_33,10.71,10.640041,10.690879,12.123322,10.858578,11.084045,11.72152,12.114343
SKU_18,Agency_37,2.111,2.8929622,2.9040856,3.3128564,2.9538193,3.018974,3.1911132,3.316095
SKU_18,Agency_40,0.2607,1.337814,1.3418944,1.4969753,1.360729,1.3833699,1.4514275,1.4976548
SKU_20,Agency_13,5.5,1.9109269,2.008154,7.98235,2.9409845,3.0699308,6.269815,7.402847
SKU_20,Agency_16,3.158,2.1066046,2.1608105,5.0015063,2.5720165,2.6205232,4.167513,4.7372437
SKU_21,Agency_05,6.086,0.71591276,0.92748183,5.2351794,1.4607038,1.9122773,4.147347,5.146696
SKU_21,Agency_07,1.281,0.9357913,1.0165564,2.7536337,1.2246994,1.3763156,2.2757602,2.6711247
SKU_21,Agency_09,0.2656,1.2751995,1.2917593,1.4884869,1.319413,1.3453386,1.4417956,1.4838678
SKU_21,Agency_10,0.2498,1.2456427,1.2472463,1.460762,1.2841145,1.2873741,1.4055839,1.4496363
SKU_21,Agency_20,2.795,0.7179755,0.9071869,4.9770103,1.3094195,1.7734379,3.886717,4.8143406
SKU_21,Agency_21,0.07825,1.2708217,1.2797511,1.401763,1.2969463,1.3124837,1.375945,1.4027051
SKU_21,Agency_23,0.2534,1.2081654,1.2328191,1.5434611,1.27968,1.3157341,1.4694027,1.5380378
SKU_21,Agency_24,0.0974,1.2789977,1.2831823,1.4188825,1.3105025,1.3121132,1.3841326,1.4098805
SKU_21,Agency_25,0.06335,1.2826151,1.2857236,1.3550229,1.2950742,1.3010633,1.3374628,1.3527426
SKU_21,Agency_38,0.517,1.1605846,1.1911535,1.8353927,1.269149,1.3274679,1.6566384,1.7984967
SKU_22,Agency_34,2.406,3.2581036,3.2721376,3.8966055,3.383598,3.4015353,3.747603,3.8747997
SKU_22,Agency_36,8.87,9.284272,9.266038,11.753767,9.820964,9.766586,11.247316,11.762348
SKU_23,Agency_05,0.588,0.94764453,0.9708837,2.1235564,1.1424949,1.174982,1.8024975,2.0399852
SKU_23,Agency_10,0.8506,1.3422502,1.3377719,2.0803788,1.4619275,1.4611887,1.8726069,2.0299323
SKU_23,Agency_20,0.096,1.30018,1.3010391,1.3341557,1.3063376,1.3076243,1.3255076,1.331839
SKU_23,Agency_48,0.624,1.3357676,1.3693012,1.8846612,1.4360706,1.490303,1.7321681,1.8303316
SKU_23,Agency_49,0.834,1.3160979,1.3482696,1.9833121,1.4384285,1.4911153,1.8019522,1.9228494
SKU_23,Agency_57,1.89,1.6853579,1.7552452,3.2579782,1.9784225,2.0809293,2.867925,3.1574104
SKU_23,Agency_58,1.224,1.5546459,1.5070616,2.3512955,1.6900848,1.6218792,2.127176,2.3158476
SKU_23,Agency_60,0.972,1.4854387,1.524395,2.2148657,1.6068623,1.666745,1.9960907,2.1205668
SKU_24,Agency_53,2.127,0.25927714,0.254206,3.6530051,0.45500657,0.6167114,2.1027608,3.7725825
SKU_26,Agency_05,0.876,1.3130445,1.312014,1.3700715,1.3256685,1.3230953,1.3656647,1.3843306
SKU_27,Agency_09,0.7285,1.1649363,1.1974326,1.8408766,1.312953,1.3609896,1.8422301,2.0641348
SKU_28,Agency_48,0.1688,1.2219678,1.2310054,1.4411618,1.2594813,1.2772862,1.3846003,1.4267458
SKU_31,Agency_02,41.2,24.230885,24.279495,42.627903,26.435001,29.315514,35.721996,43.964355
SKU_32,Agency_03,3.875,2.9008584,2.925426,4.9889364,3.2128315,3.5625257,4.2681837,5.672209
SKU_32,Agency_10,71.3,60.124077,60.871223,87.54866,64.7365,66.24515,80.4307,86.07097
SKU_32,Agency_35,0.1054,1.2539364,1.2612003,1.4084682,1.2783477,1.2977277,1.3672589,1.4033347
SKU_34,Agency_02,72.2,37.807117,37.55515,76.16184,41.200333,44.2203,59.525055,80.06402
SKU_34,Agency_49,19.84,10.08424,10.42979,25.641047,12.744317,13.557409,21.541567,24.514309
