Date,Store,str_nm,Weekly_Sales,dc_stk_qty,dyoff_dy,holidy_cd,sale_dc_yn,event_yn,evt_dur_div,avg_tmpr_val,perf_evnt,ott_dest,lept,cult_facl,shop,lodg,food_bevg,hist_dest,natr_dest,rect_dest,local_visit,outsd_visit,forn_visit,local_outsd_visit,outsd_forn_visit,tot_visit,ride_pasgr_num,alight_pasgr_num,tot_pop,male_pop,female_pop,search_cnt,click_cnt,disa_subs_dur
2019-01-06,1,G속초조양,112,0,0,1,1,0,99_etc,1.2,9,593,78,106,312,598,2549,31,918,225,54142,66948,213,121090,67161,121302,0,0,0,0,0,47.05882,45,0
2019-01-06,2,G화곡점,112,0,0,1,1,0,99_etc,-1.8,214,1671,222,32,1082,276,1764,21,48,870,193022,153444,2588,346465,156032,349053,9475,9693,807888,380007,427881,47.05882,45,0
2019-01-06,3,가락점,40,0,0,1,99,0,99_etc,-1.2,616,446,110,41,1001,403,2793,20,221,960,324121,278933,3389,603054,282322,606443,5218,5037,825236,403772,421464,47.05882,45,0
2019-01-06,4,개화산점,88,0,0,1,1,0,99_etc,-1.8,214,1671,222,32,1082,276,1764,21,48,870,193022,153444,2588,346465,156032,349053,3256,3353,919503,445200,474303,47.05882,45,0
2019-01-06,5,코엑스점,88,0,0,1,1,0,99_etc,-1.2,734,1506,61,606,122,1451,5471,158,90,162,295928,397632,6351,693560,403983,699911,10114,9455,812045,375532,436513,47.05882,45,0
2019-01-20,1,G속초조양,568,0,0,1,1,0,99_etc,1.5,8,806,112,146,428,1022,3641,27,1313,314,52871,84959,130,137830,85089,137960,0,0,0,0,0,23.52941,36,0
2019-01-20,2,G화곡점,1552,0,0,1,0,1,03_week1,-1.5,255,1807,202,52,1134,277,1814,14,44,884,191390,170692,4097,362082,174788,366179,9719,9881,772368,358227,414141,23.52941,36,0
2019-01-20,3,가락점,640,0,0,1,0,1,03_week1,-0.6,405,501,88,59,1098,356,3074,20,184,1116,319501,282107,2435,601608,284542,604043,5514,5217,846281,414515,431766,23.52941,36,0
2019-01-20,4,개화산점,616,0,0,1,1,1,03_week1,-1.5,255,1807,202,52,1134,277,1814,14,44,884,191390,170692,4097,362082,174788,366179,3226,3265,903255,435655,467600,23.52941,36,0
2019-01-20,5,코엑스점,160,0,0,1,1,1,03_week1,-0.9,761,1553,54,819,146,1520,5888,128,75,217,292635,438421,8361,731056,446782,739417,9128,8468,811681,383314,428367,23.52941,36,0
2019-02-03,1,G속초조양,976,0,0,1,1,0,99_etc,3.6,88,573,75,237,486,1972,4175,20,983,603,52913,105185,626,158098,105812,158725,0,0,0,0,0,29.41176,22,0
2019-02-03,2,G화곡점,1168,1,0,1,0,1,99_etc,3.5,539,1613,46,17,1355,345,1332,15,18,546,183918,171815,3160,355733,174975,358893,7217,7011,699715,325724,373991,29.41176,22,0
2019-02-03,3,가락점,112,0,0,1,1,1,99_etc,3.8,626,398,76,9,1244,446,2208,11,105,1151,295512,252683,3607,548195,256289,551801,4250,3787,788458,385524,402934,29.41176,22,0
2019-02-03,4,개화산점,184,0,0,1,1,1,99_etc,3.5,539,1613,46,17,1355,345,1332,15,18,546,183918,171815,3160,355733,174975,358893,2723,2533,849567,409964,439603,29.41176,22,0
2019-02-03,5,코엑스점,280,0,0,1,0,1,99_etc,3.3,689,1351,23,474,131,1275,4217,84,34,205,253082,308784,6098,561865,314882,567963,6909,6479,743056,344861,398195,29.41176,22,0
2019-02-17,1,G속초조양,136,0,0,1,1,0,99_etc,2.0,17,782,127,137,411,926,3522,20,1212,320,54250,79223,360,133473,79583,133833,0,0,0,0,0,61.7647,43,0
2019-02-17,2,G화곡점,112,0,0,1,1,0,99_etc,-1.8,400,1808,68,54,1193,345,1876,8,75,885,205139,182626,3548,387765,186175,391313,9801,10032,754043,348852,405191,61.7647,43,0
2019-02-17,3,가락점,88,0,0,1,1,0,99_etc,0.1,676,518,81,219,1031,395,3068,22,235,1170,335597,322823,2658,658420,325481,661078,5514,5448,826561,407453,419108,61.7647,43,0
2019-02-17,4,개화산점,40,0,0,1,99,0,99_etc,-1.8,400,1808,68,54,1193,345,1876,8,75,885,205139,182626,3548,387765,186175,391313,3385,3458,909416,443450,465966,61.7647,43,0
2019-02-17,5,코엑스점,184,0,0,1,1,0,99_etc,-0.3,561,1510,55,1048,136,1769,6050,104,95,208,302697,461346,7888,764043,469233,771931,10848,9953,878554,413464,465090,61.7647,43,0
2019-03-03,1,G속초조양,232,0,0,1,1,0,99_etc,7.6,12,746,85,99,279,418,2986,26,1068,192,55489,73696,286,129185,73982,129471,0,0,0,0,0,29.41176,34,0
2019-03-03,2,G화곡점,136,0,0,1,1,0,99_etc,7.3,222,1702,55,45,1150,275,1681,22,62,848,202013,175511,2675,377524,178186,380199,9996,10217,735062,345914,389148,29.41176,34,0
2019-03-03,3,가락점,40,0,0,1,99,0,99_etc,10.4,437,564,48,53,964,301,2883,18,229,991,336609,296272,3453,632880,299725,636334,5720,5505,816815,399415,417400,29.41176,34,0
2019-03-03,4,개화산점,544,0,0,1,1,0,99_etc,7.3,222,1702,55,45,1150,275,1681,22,62,848,202013,175511,2675,377524,178186,380199,3360,3302,898856,434839,464017,29.41176,34,0
2019-03-03,5,코엑스점,112,0,0,1,1,0,99_etc,9.9,335,1581,35,1098,141,1289,5347,128,125,178,304857,430440,7052,735298,437492,742349,10472,10061,827824,396984,430840,29.41176,34,0
2019-03-17,1,G속초조양,160,0,0,1,1,0,99_etc,6.4,12,567,133,91,265,385,2929,45,1029,163,55013,64593,343,119605,64936,119949,0,0,0,0,0,20.58823,30,0
2019-03-17,2,G화곡점,112,0,0,1,1,0,99_etc,6.6,278,1785,233,47,1175,308,2012,25,123,894,204519,193515,3251,398034,196766,401285,10562,10587,730947,339903,391044,20.58823,30,0
2019-03-17,3,가락점,64,0,0,1,1,0,99_etc,7.0,557,676,77,76,1077,385,3254,13,628,794,340172,360906,3884,701078,364790,704962,5928,5534,806178,395308,410870,20.58823,30,0
2019-03-17,4,개화산점,592,0,0,1,1,0,99_etc,6.6,278,1785,233,47,1175,308,2012,25,123,894,204519,193515,3251,398034,196766,401285,3594,3636,894433,434308,460125,20.58823,30,0
2019-03-17,5,코엑스점,64,0,0,1,1,0,99_etc,7.2,453,1545,51,1266,162,1599,6045,179,134,161,310849,485573,9506,796422,495079,805928,12647,12021,882077,442882,439195,20.58823,30,0
2019-03-31,1,G속초조양,592,0,0,1,1,0,99_etc,5.8,14,523,101,122,252,468,2529,36,964,198,54607,64085,636,118692,64721,119328,0,0,0,0,0,23.52941,29,0
2019-03-31,2,G화곡점,208,0,0,1,1,0,99_etc,5.6,302,1911,73,50,1252,323,1912,18,92,839,199090,192944,3747,392035,196692,395782,10171,10440,723036,336539,386497,23.52941,29,0
2019-03-31,3,가락점,88,0,0,1,1,0,99_etc,5.6,663,847,70,141,1123,441,3177,15,284,1003,329469,330225,2522,659694,332747,662216,5409,5191,798849,389342,409507,23.52941,29,0
2019-03-31,4,개화산점,328,0,0,1,0,0,99_etc,5.6,302,1911,73,50,1252,323,1912,18,92,839,199090,192944,3747,392035,196692,395782,3419,3533,872483,424132,448351,23.52941,29,0
2019-03-31,5,코엑스점,208,0,0,1,1,0,99_etc,5.3,504,1612,40,1024,164,1609,5882,148,189,230,302425,468748,7538,771172,476286,778711,10179,9507,789228,378402,410826,23.52941,29,0
2019-04-07,1,G속초조양,256,0,0,1,1,0,99_etc,10.9,7,252,39,27,109,190,958,24,485,53,55482,41790,1443,97272,43233,98715,0,0,0,0,0,52.94117,27,0
2019-04-07,2,G화곡점,184,0,0,1,1,0,99_etc,12.2,187,1921,47,49,976,340,1800,14,187,614,194659,162113,4342,356773,166455,361115,11723,12191,702886,327460,375426,52.94117,27,0
2019-04-07,3,가락점,112,0,0,1,1,0,99_etc,13.5,502,960,62,157,1296,411,3624,26,1512,808,346374,395395,4964,741769,400359,746733,5958,5647,810245,390673,419572,52.94117,27,0
2019-04-07,4,개화산점,208,0,0,1,1,0,99_etc,12.2,187,1921,47,49,976,340,1800,14,187,614,194659,162113,4342,356773,166455,361115,3579,3543,827404,401000,426404,52.94117,27,0
2019-04-07,5,코엑스점,64,0,0,1,1,0,99_etc,13.0,433,1701,51,1225,149,1589,5850,177,191,155,291623,427508,11399,719131,438906,730530,12891,12513,906472,415460,491012,52.94117,27,0
2019-04-21,1,G속초조양,592,0,0,1,1,0,99_etc,13.8,5,437,93,64,246,429,2054,40,992,129,54124,61554,1573,115679,63127,117251,0,0,0,0,0,47.05882,27,0
2019-04-21,2,G화곡점,88,0,0,1,1,0,99_etc,15.3,173,2095,51,54,1057,327,1773,28,128,494,191590,166051,3929,357640,169980,361570,10178,11084,706715,327804,378911,47.05882,27,0
2019-04-21,3,가락점,40,0,0,1,99,0,99_etc,16.1,434,807,55,152,1042,391,3131,36,651,744,319732,307083,3953,626815,311036,630768,5823,5455,794132,383806,410326,47.05882,27,0
2019-04-21,4,개화산점,472,0,0,1,1,0,99_etc,15.3,173,2095,51,54,1057,327,1773,28,128,494,191590,166051,3929,357640,169980,361570,3428,3506,858056,414115,443941,47.05882,27,0
2019-04-21,5,코엑스점,112,0,0,1,1,0,99_etc,15.4,438,1702,47,1308,149,1825,5721,140,186,166,278502,403473,9909,681975,413382,691884,9116,8714,754587,360915,393672,47.05882,27,0
2019-05-05,1,G속초조양,712,0,0,1,1,0,99_etc,18.0,54,1127,267,282,751,2430,6084,54,2728,533,53204,119893,512,173096,120404,173608,0,0,0,0,0,29.41176,22,0
2019-05-05,2,G화곡점,256,0,0,1,1,0,99_etc,18.1,454,1743,77,59,1333,497,2614,33,155,451,174205,176221,3863,350427,180085,354290,10851,11396,621823,291184,330639,29.41176,22,0
2019-05-05,3,가락점,64,0,0,1,1,0,99_etc,20.6,798,932,57,157,1273,471,3686,35,777,973,298032,339661,2271,637693,341932,639964,5793,5444,692766,337412,355354,29.41176,22,0
2019-05-05,4,개화산점,208,0,0,1,1,0,99_etc,18.1,454,1743,77,59,1333,497,2614,33,155,451,174205,176221,3863,350427,180085,354290,3683,3619,786224,385223,401001,29.41176,22,0
2019-05-05,5,코엑스점,208,0,0,1,1,0,99_etc,20.5,688,1506,33,1005,151,1808,6021,175,134,169,256403,413515,8629,669918,422143,678546,16988,17367,989737,440121,549616,29.41176,22,0
2019-05-19,1,G속초조양,448,0,0,1,0,0,99_etc,17.5,21,487,84,79,624,573,2288,36,908,170,51642,62272,289,113914,62561,114204,0,0,0,0,0,41.17647,67,0
2019-05-19,2,G화곡점,160,0,0,1,1,0,99_etc,21.0,421,2125,49,62,1233,390,1884,18,62,309,176764,177937,4387,354701,182323,359087,10020,10556,688517,318634,369883,41.17647,67,0
2019-05-19,3,가락점,40,0,0,1,99,0,99_etc,21.1,901,611,92,266,1160,526,3271,26,447,904,298396,303482,2824,601878,306306,604702,5815,5454,768737,375640,393097,41.17647,67,0
2019-05-19,4,개화산점,544,0,0,1,1,0,99_etc,21.0,421,2125,49,62,1233,390,1884,18,62,309,176764,177937,4387,354701,182323,359087,3413,3365,844267,413599,430668,41.17647,67,0
2019-05-19,5,코엑스점,112,0,0,1,1,0,99_etc,21.4,579,1693,50,1222,182,2091,6328,135,179,221,266749,448200,10462,714949,458661,725410,10975,10452,825166,376116,449050,41.17647,67,0
2019-06-02,1,G속초조양,208,0,0,1,1,0,99_etc,20.6,56,585,100,76,587,568,2587,44,1057,128,53165,65475,552,118640,66026,119191,0,0,0,0,0,20.58823,53,0
2019-06-02,2,G화곡점,184,0,0,1,1,0,99_etc,19.9,660,1944,182,55,1043,307,1736,27,151,340,187124,165595,3175,352720,168771,355895,10237,11077,675182,312228,362954,20.58823,53,0
2019-06-02,3,가락점,88,0,0,1,1,0,99_etc,21.9,668,860,56,198,1032,383,3041,26,695,649,304892,279738,2229,584630,281966,586858,5626,5516,754795,365341,389454,20.58823,53,0
2019-06-02,4,개화산점,688,0,0,1,0,0,99_etc,19.9,660,1944,182,55,1043,307,1736,27,151,340,187124,165595,3175,352720,168771,355895,3626,3675,825746,399367,426379,20.58823,53,0
2019-06-02,5,코엑스점,64,0,0,1,1,0,99_etc,21.3,651,1725,44,799,127,1709,5913,121,221,109,272447,420392,8727,692839,429119,701566,11053,10814,790651,381384,409267,20.58823,53,0
2019-06-16,1,G속초조양,88,0,0,1,1,0,99_etc,17.9,38,548,92,116,550,706,2906,33,1042,156,51499,67162,366,118660,67528,119027,0,0,0,0,0,44.11764,57,0
2019-06-16,2,G화곡점,1168,0,0,1,1,0,99_etc,21.5,400,2083,120,62,1069,386,2024,16,145,396,183200,172701,4117,355901,176817,360018,10826,11277,671072,315066,356006,44.11764,57,0
2019-06-16,3,가락점,112,0,0,1,1,0,99_etc,22.5,593,860,101,293,1042,546,3565,21,984,679,301056,325497,4047,626553,329544,630600,5674,5368,761492,367971,393521,44.11764,57,0
2019-06-16,4,개화산점,448,0,0,1,1,0,99_etc,21.5,400,2083,120,62,1069,386,2024,16,145,396,183200,172701,4117,355901,176817,360018,3526,3497,821067,398368,422699,44.11764,57,0
2019-06-16,5,코엑스점,184,0,0,1,1,0,99_etc,22.0,492,1704,64,853,155,1807,6296,150,174,113,267277,420644,8976,687921,429620,696898,9872,9649,755460,347629,407831,44.11764,57,0
2019-06-30,1,G속초조양,256,0,0,1,1,0,99_etc,22.9,24,585,114,110,420,829,3178,40,1138,195,51877,71319,399,123196,71718,123595,0,0,0,0,0,23.52941,70,0
2019-06-30,2,G화곡점,184,0,0,1,1,0,99_etc,23.5,604,1891,266,44,1213,393,1958,17,116,301,182504,190246,4632,372750,194878,377382,9892,10604,674521,314334,360187,23.52941,70,0
2019-06-30,3,가락점,64,0,0,1,1,0,99_etc,25.1,650,791,27,128,1110,453,3303,20,553,883,299478,328034,2784,627512,330818,630296,5465,5362,765759,373286,392473,23.52941,70,0
2019-06-30,4,개화산점,328,0,0,1,1,0,99_etc,23.5,604,1891,266,44,1213,393,1958,17,116,301,182504,190246,4632,372750,194878,377382,3347,3383,837949,408869,429080,23.52941,70,0
2019-06-30,5,코엑스점,160,0,0,1,1,0,99_etc,24.1,539,1768,86,792,139,1634,6301,120,146,158,263977,440468,9312,704445,449780,713757,9294,8852,740419,339794,400625,23.52941,70,0
2019-07-07,1,G속초조양,160,0,0,1,1,0,99_etc,22.3,45,603,99,125,534,986,3451,40,1268,229,46778,75614,507,122392,76121,122898,0,0,0,0,0,52.94117,74,0
2019-07-07,2,G화곡점,88,0,0,1,1,0,99_etc,28.4,682,2014,201,58,1230,392,1992,10,104,233,177254,162529,2983,339784,165512,342766,9846,10499,670410,314327,356083,52.94117,74,0
2019-07-07,3,가락점,64,0,0,1,1,0,99_etc,27.6,741,888,63,158,1081,439,3544,24,494,944,290629,287413,2986,578043,290399,581029,5237,5181,746373,365896,380477,52.94117,74,0
2019-07-07,4,개화산점,376,0,0,1,1,0,99_etc,28.4,682,2014,201,58,1230,392,1992,10,104,233,177254,162529,2983,339784,165512,342766,3446,3504,822297,404161,418136,52.94117,74,0
2019-07-07,5,코엑스점,88,0,0,1,1,0,99_etc,27.9,525,1749,54,1110,152,1712,6274,121,106,131,263798,410652,8622,674450,419273,683072,12216,12143,877939,405284,472655,52.94117,74,0
2019-07-21,1,G속초조양,232,0,0,1,0,0,99_etc,22.1,37,605,127,101,492,1330,3681,23,1296,308,47120,78883,511,126003,79394,126514,0,0,0,0,0,29.41176,71,0
2019-07-21,2,G화곡점,256,0,0,1,1,0,99_etc,25.8,520,1911,235,40,1172,412,2165,17,66,266,185353,190302,3969,375655,194271,379624,9657,10225,690920,322981,367939,29.41176,71,0
2019-07-21,3,가락점,64,0,0,1,1,0,99_etc,25.6,859,595,114,174,1119,506,3817,14,338,997,295218,341107,5022,636325,346129,641347,5281,5020,762541,372535,390006,29.41176,71,0
2019-07-21,4,개화산점,424,0,0,1,0,0,99_etc,25.8,520,1911,235,40,1172,412,2165,17,66,266,185353,190302,3969,375655,194271,379624,3298,3217,837577,406807,430770,29.41176,71,0
2019-07-21,5,코엑스점,136,0,0,1,0,0,99_etc,25.9,778,1859,64,1106,168,1863,6623,109,90,141,269164,472063,11159,741227,483221,752385,13200,12858,913801,416710,497091,29.41176,71,0
2019-08-04,1,G속초조양,424,0,0,1,0,0,99_etc,27.1,51,978,161,170,691,2919,5472,41,1949,336,50838,133252,437,184089,133689,184526,0,0,0,0,0,41.17647,52,0
2019-08-04,2,G화곡점,1768,0,0,1,0,0,99_etc,29.6,549,1999,44,41,1179,473,2169,6,78,190,190001,184464,3263,374465,187727,377728,9358,10065,674054,315137,358917,41.17647,52,0
2019-08-04,3,가락점,112,0,0,1,0,0,99_etc,29.9,772,882,66,160,1142,562,3841,15,348,975,308665,306901,3589,615566,310490,619155,5079,5055,769604,378448,391156,41.17647,52,0
2019-08-04,4,개화산점,208,0,0,1,0,0,99_etc,29.6,549,1999,44,41,1179,473,2169,6,78,190,190001,184464,3263,374465,187727,377728,3035,3132,797987,386353,411634,41.17647,52,0
2019-08-04,5,코엑스점,88,0,0,1,1,0,99_etc,29.7,847,1870,64,935,177,1712,6710,86,90,157,273508,424652,9382,698159,434033,707541,11650,11003,894002,416737,477265,41.17647,52,0
2019-08-18,1,G속초조양,376,0,0,1,0,0,99_etc,26.1,44,915,147,148,597,2115,5007,60,1652,289,51219,110530,389,161749,110919,162138,0,0,0,0,0,35.29411,55,0
2019-08-18,2,G화곡점,64,0,0,1,1,0,99_etc,26.1,401,2077,35,60,1057,469,2004,15,107,262,191233,198237,3656,389470,201893,393126,9801,10640,682377,319259,363118,35.29411,55,0
2019-08-18,3,가락점,232,0,0,1,1,0,99_etc,25.8,540,857,98,212,1073,476,3680,17,677,893,321048,339160,4046,660209,343207,664255,5951,5556,769499,376630,392869,35.29411,55,0
2019-08-18,4,개화산점,136,0,0,1,1,0,99_etc,26.1,401,2077,35,60,1057,469,2004,15,107,262,191233,198237,3656,389470,201893,393126,3313,3267,807181,392922,414259,35.29411,55,0
2019-08-18,5,코엑스점,112,0,0,1,1,0,99_etc,26.4,780,1954,68,1288,174,1611,6545,122,120,128,277042,469053,10122,746095,479174,756217,11280,11095,877915,408469,469446,35.29411,55,0
2019-09-01,1,G속초조양,328,0,0,1,1,0,99_etc,23.1,28,635,128,81,471,787,3280,45,1141,152,50292,70868,329,121160,71197,121489,0,0,0,0,0,0.0,48,0
2019-09-01,2,G화곡점,40,0,0,1,99,0,99_etc,23.4,282,2039,43,22,1152,462,1942,24,133,305,200228,170979,3500,371206,174478,374706,10561,11236,696108,326876,369232,0.0,48,0
2019-09-01,3,가락점,160,0,0,1,1,0,99_etc,23.4,432,790,73,215,1234,520,3565,23,756,655,320740,312673,3925,633413,316598,637338,5624,5569,785499,382804,402695,0.0,48,0
2019-09-01,4,개화산점,136,0,0,1,1,0,99_etc,23.4,282,2039,43,22,1152,462,1942,24,133,305,200228,170979,3500,371206,174478,374706,3301,3359,808764,395196,413568,0.0,48,0
2019-09-01,5,코엑스점,184,0,0,1,1,0,99_etc,-99.5,645,1902,77,1217,156,2288,6575,135,145,85,288389,448136,11557,736526,459693,748083,11683,11439,828765,398397,430368,0.0,48,0
2019-09-15,1,G속초조양,40,0,0,1,99,0,99_etc,20.5,22,417,71,68,276,566,1712,23,596,131,49598,66062,292,115661,66355,115953,0,0,0,0,0,17.64705,40,0
2019-09-15,2,G화곡점,256,0,0,1,1,0,99_etc,24.8,427,2062,44,25,1124,376,1913,18,163,338,197957,187373,2973,385329,190346,388302,9791,10120,685182,322915,362267,17.64705,40,0
2019-09-15,3,가락점,88,0,0,1,1,0,99_etc,24.4,408,748,54,188,1037,459,3003,10,776,733,315812,301791,2423,617603,304214,620026,5037,5031,761556,376693,384863,17.64705,40,0
2019-09-15,4,개화산점,112,0,0,1,1,0,99_etc,24.8,427,2062,44,25,1124,376,1913,18,163,338,197957,187373,2973,385329,190346,388302,3145,3333,854980,417663,437317,17.64705,40,0
2019-09-15,5,코엑스점,88,0,0,1,1,0,99_etc,24.9,463,1824,39,395,141,1375,5161,113,97,74,268737,368655,8275,637392,376930,645667,7785,7671,669339,313270,356069,17.64705,40,0
2019-09-29,1,G속초조양,208,0,0,1,1,0,99_etc,21.2,20,664,118,68,446,669,2774,27,1007,145,49791,76426,851,126217,77277,127068,0,0,0,0,0,23.52941,37,0
2019-09-29,2,G화곡점,88,0,0,1,1,0,99_etc,23.0,257,2288,81,50,1314,450,2024,24,185,362,202780,212867,4018,415646,216885,419664,11501,11947,675591,315751,359840,23.52941,37,0
2019-09-29,3,가락점,88,0,0,1,1,0,99_etc,23.5,381,922,95,298,1354,577,3504,20,966,874,335181,382574,3627,717755,386202,721383,5833,5520,792459,392433,400026,23.52941,37,0
2019-09-29,4,개화산점,64,0,0,1,1,0,99_etc,23.0,257,2288,81,50,1314,450,2024,24,185,362,202780,212867,4018,415646,216885,419664,3539,3618,867923,420326,447597,23.52941,37,0
2019-09-29,5,코엑스점,136,0,0,1,1,0,99_etc,23.0,500,2034,57,1226,167,2379,6798,192,178,108,293458,524969,12207,818426,537175,830633,15013,14440,900329,400428,499901,23.52941,37,0
2019-10-06,1,G속초조양,184,0,0,1,1,0,99_etc,15.4,33,720,160,103,453,1047,2942,40,952,153,54261,81298,1041,135559,82339,136599,0,0,0,0,0,29.41176,36,0
2019-10-06,2,G화곡점,352,0,0,1,1,0,99_etc,17.6,440,2291,40,46,1111,511,1823,26,132,313,199364,188979,4307,388343,193286,392650,10742,11415,682436,322065,360371,29.41176,36,0
2019-10-06,3,가락점,40,0,0,1,99,0,99_etc,18.8,589,627,82,284,1408,728,3167,17,996,838,339220,333137,3342,672357,336479,675699,5687,5431,778778,385432,393346,29.41176,36,0
2019-10-06,4,개화산점,64,0,0,1,1,0,99_etc,17.6,440,2291,40,46,1111,511,1823,26,132,313,199364,188979,4307,388343,193286,392650,3360,3473,865619,421441,444178,29.41176,36,0
2019-10-06,5,코엑스점,304,0,0,1,1,0,99_etc,18.6,498,2162,75,690,144,2154,5914,158,127,68,295078,438420,14411,733499,452831,747909,10200,9812,756416,363965,392451,29.41176,36,0
2019-10-20,1,G속초조양,448,0,0,1,1,0,99_etc,16.8,18,764,190,74,538,1126,3344,44,1268,235,41139,81666,1298,122805,82964,124103,0,0,0,0,0,20.58823,39,0
2019-10-20,2,G화곡점,232,0,0,1,1,0,99_etc,16.6,260,2532,32,37,1229,430,2003,27,161,386,156034,160423,4284,316456,164706,320740,10607,11240,0,0,0,20.58823,39,0
2019-10-20,3,가락점,112,1,0,1,0,0,99_etc,17.9,436,659,100,287,1556,540,3602,20,919,873,260628,271866,3035,532493,274901,535528,5947,5645,0,0,0,20.58823,39,0
2019-10-20,4,개화산점,40,0,0,1,99,0,99_etc,16.6,260,2532,32,37,1229,430,2003,27,161,386,156034,160423,4284,316456,164706,320740,3477,3577,0,0,0,20.58823,39,0
2019-10-20,5,코엑스점,64,0,0,1,1,0,99_etc,17.6,728,2112,74,1152,164,2551,6618,176,121,96,230013,373971,11637,603985,385608,615621,12015,11695,0,0,0,20.58823,39,0
2019-11-03,1,G속초조양,1000,0,0,1,0,0,99_etc,12.4,27,723,117,141,532,839,3095,51,845,213,53130,81372,1388,134502,82759,135889,0,0,0,0,0,32.35294,37,0
2019-11-03,2,G화곡점,256,0,0,1,1,0,99_etc,14.8,353,2616,183,47,1249,415,2031,23,88,282,219548,209496,5495,429044,214991,434539,10747,10894,708124,333310,374814,32.35294,37,0
2019-11-03,3,가락점,40,0,0,1,99,0,99_etc,16.1,622,702,57,211,1661,608,3550,35,646,1000,351690,359016,4440,710706,363456,715146,6143,5731,770838,381126,389712,32.35294,37,0
2019-11-03,4,개화산점,184,6,0,1,0,0,99_etc,14.8,353,2616,183,47,1249,415,2031,23,88,282,219548,209496,5495,429044,214991,434539,3559,3608,841128,408330,432798,32.35294,37,0
2019-11-03,5,코엑스점,160,0,0,1,1,0,99_etc,15.9,575,2209,54,1864,159,2610,6755,153,138,105,317713,526337,15882,844050,542219,859932,14203,13991,887832,415362,472470,32.35294,37,0
2019-11-17,1,G속초조양,352,0,0,1,1,0,99_etc,10.9,28,616,137,94,482,783,2859,49,778,178,54208,73706,890,127915,74597,128805,0,0,0,0,0,35.29411,39,0
2019-11-17,2,G화곡점,256,0,0,1,1,0,99_etc,6.9,331,2575,219,35,1332,499,2068,17,50,226,215768,215201,5225,430969,220426,436194,9376,9815,743080,349198,393882,35.29411,39,0
2019-11-17,3,가락점,136,0,0,1,1,0,99_etc,7.8,717,556,58,218,1585,769,3834,17,185,1030,337816,354921,3954,692738,358875,696691,6005,5701,786803,389463,397340,35.29411,39,0
2019-11-17,4,개화산점,88,0,0,1,1,0,99_etc,6.9,331,2575,219,35,1332,499,2068,17,50,226,215768,215201,5225,430969,220426,436194,3088,3146,860126,416726,443400,35.29411,39,0
2019-11-17,5,코엑스점,64,0,0,1,1,0,99_etc,6.9,729,2333,76,1505,147,2801,7025,144,41,130,305109,542539,14947,847648,557485,862594,15337,14184,935795,437975,497820,35.29411,39,0
2019-12-01,1,G속초조양,304,0,0,1,1,0,99_etc,5.9,26,600,102,114,447,597,2400,38,763,186,54121,64369,762,118489,65131,119251,0,0,0,0,0,32.35294,42,0
2019-12-01,2,G화곡점,184,0,0,1,1,0,99_etc,3.9,490,2373,277,27,1360,445,2163,17,26,215,215883,179225,5404,395108,184628,400512,9812,10122,752520,354929,397591,32.35294,42,0
2019-12-01,3,가락점,64,0,0,1,1,0,99_etc,4.0,740,491,65,177,1483,558,3674,11,241,877,342797,303940,3320,646737,307260,650057,5514,5249,802767,396803,405964,32.35294,42,0
2019-12-01,4,개화산점,64,0,0,1,1,0,99_etc,3.9,490,2373,277,27,1360,445,2163,17,26,215,215883,179225,5404,395108,184628,400512,3119,3135,862862,414031,448831,32.35294,42,0
2019-12-01,5,코엑스점,64,0,0,1,1,0,99_etc,3.9,966,2171,55,961,184,2844,7015,102,75,128,307569,450573,12611,758142,463184,770753,11319,10984,814413,385446,428967,32.35294,42,0
2019-12-15,1,G속초조양,688,0,0,1,1,0,99_etc,6.5,23,713,164,96,534,798,3027,47,911,196,54698,75492,614,130190,76106,130804,0,0,0,0,0,47.05882,35,0
2019-12-15,2,G화곡점,232,0,0,1,1,0,99_etc,5.0,332,2455,84,55,1464,423,2364,15,62,304,219695,201933,5063,421628,206996,426691,10003,10422,748835,351193,397642,47.05882,35,0
2019-12-15,3,가락점,136,0,0,1,1,0,99_etc,7.0,654,626,77,171,1646,739,4212,10,289,1202,350759,365197,3876,715957,369073,719833,5873,5574,799966,395581,404385,47.05882,35,0
2019-12-15,4,개화산점,88,2,0,1,0,0,99_etc,5.0,332,2455,84,55,1464,423,2364,15,62,304,219695,201933,5063,421628,206996,426691,3507,3570,855315,416188,439127,47.05882,35,0
2019-12-15,5,코엑스점,112,0,0,1,1,0,99_etc,5.7,820,2081,42,1712,177,2891,7800,140,101,139,315605,541888,11996,857493,553884,869489,14303,14531,937709,414428,523281,47.05882,35,0
2019-12-29,1,G속초조양,592,0,0,1,1,0,99_etc,5.7,29,1043,212,168,650,1972,4412,59,1259,357,53519,96306,1197,149825,97503,151021,0,0,0,0,0,29.41176,31,0
2019-12-29,2,G화곡점,88,0,0,1,1,0,99_etc,5.0,469,2294,124,40,1385,453,2267,24,43,285,212485,203014,6037,415499,209051,421536,9559,9890,749665,354192,395473,29.41176,31,0
2019-12-29,3,가락점,136,0,0,1,1,0,99_etc,4.7,711,513,67,185,1415,599,3808,22,236,1171,337099,363822,8716,700921,372538,709637,5468,5206,793288,391641,401647,29.41176,31,0
2019-12-29,4,개화산점,160,0,0,1,1,0,99_etc,5.0,469,2294,124,40,1385,453,2267,24,43,285,212485,203014,6037,415499,209051,421536,3294,3354,854520,419115,435405,29.41176,31,0
2019-12-29,5,코엑스점,184,0,0,1,1,0,99_etc,4.3,986,2169,51,1008,165,2621,7815,111,76,173,298805,524604,21253,823410,545858,844663,15894,16159,874525,375284,499241,29.41176,31,0
2020-01-05,1,G속초조양,208,0,0,1,1,0,99_etc,3.8,14,832,135,116,492,863,3206,39,1025,262,56518,76877,345,133395,77222,133740,0,0,0,0,0,44.11764,27,0
2020-01-05,2,G화곡점,88,0,0,1,1,0,99_etc,0.8,328,2534,96,57,1407,402,2219,8,51,207,224235,168364,2777,392598,171141,395376,9629,9840,753363,350379,402984,44.11764,27,0
2020-01-05,3,가락점,136,0,0,1,1,0,99_etc,2.9,653,559,84,239,1339,593,3648,22,243,1146,354077,285047,2068,639125,287115,641193,5122,4944,801438,395793,405645,44.11764,27,0
2020-01-05,4,개화산점,184,0,0,1,1,0,99_etc,0.8,328,2534,96,57,1407,402,2219,8,51,207,224235,168364,2777,392598,171141,395376,3200,3297,860654,416218,444436,44.11764,27,0
2020-01-05,5,코엑스점,112,0,0,1,1,0,99_etc,1.4,665,2094,48,1291,179,1776,6942,126,84,151,326057,434973,6407,761030,441380,767436,11479,11150,811933,384778,427155,44.11764,27,0
2020-01-19,1,G속초조양,40,0,0,1,99,0,99_etc,4.1,14,712,115,127,488,862,3073,29,843,241,56220,72299,464,128520,72764,128984,0,0,0,0,0,26.47058,24,0
2020-01-19,2,G화곡점,208,0,0,1,1,0,99_etc,2.6,269,2360,90,49,1517,466,2189,10,43,183,226475,180673,2437,407148,183110,409585,9433,9773,752404,352876,399528,26.47058,24,0
2020-01-19,3,가락점,64,0,0,1,1,0,99_etc,3.8,443,558,79,147,1583,575,3721,15,177,1196,350318,305980,2872,656299,308852,659171,5430,5126,813125,400906,412219,26.47058,24,0
2020-01-19,4,개화산점,88,0,0,1,1,0,99_etc,2.6,269,2360,90,49,1517,466,2189,10,43,183,226475,180673,2437,407148,183110,409585,3232,3330,885455,430532,454923,26.47058,24,0
2020-01-19,5,코엑스점,160,0,0,1,0,0,99_etc,2.8,754,1965,68,1509,197,2021,7313,118,67,205,327386,477613,6931,805000,484544,811931,10973,10619,798819,369103,429716,26.47058,24,0
2020-02-02,1,G속초조양,400,0,0,1,1,0,99_etc,4.2,8,639,129,71,385,597,2457,37,732,115,57950,59531,368,117481,59900,117849,0,0,0,0,0,29.41176,33,0
2020-02-02,2,G화곡점,352,0,0,1,1,0,99_etc,1.4,198,1726,100,24,677,342,1625,30,37,100,218362,134036,1964,352398,136000,354362,7914,8324,775225,362575,412650,29.41176,33,0
2020-02-02,3,가락점,64,0,0,1,0,0,99_etc,3.9,419,451,45,94,984,399,3018,19,205,262,344470,221893,1655,566363,223548,568018,4396,4161,823406,406284,417122,29.41176,33,0
2020-02-02,4,개화산점,112,0,0,1,1,0,99_etc,1.4,198,1726,100,24,677,342,1625,30,37,100,218362,134036,1964,352398,136000,354362,2682,2852,911361,443686,467675,29.41176,33,0
2020-02-02,5,코엑스점,304,11,0,1,0,0,99_etc,2.5,413,1742,66,559,151,1853,6000,135,67,25,317457,363629,4384,681086,368013,685470,7630,7251,665229,321441,343788,29.41176,33,0
2020-02-16,1,G속초조양,424,0,0,1,1,0,99_etc,2.7,12,612,100,118,547,874,3190,34,787,188,57148,65443,105,122591,65548,122696,0,0,0,0,0,29.41176,32,0
2020-02-16,2,G화곡점,160,0,0,1,1,0,99_etc,0.5,278,1678,133,17,1002,386,1934,6,36,142,220405,162442,1530,382847,163972,384378,7931,8240,777037,365483,411554,29.41176,32,0
2020-02-16,3,가락점,40,0,0,1,99,0,99_etc,0.7,452,413,33,56,1246,448,3133,8,137,536,340911,254177,910,595087,255087,595998,4720,4540,814237,399803,414434,29.41176,32,0
2020-02-16,4,개화산점,40,0,0,1,99,0,99_etc,0.5,278,1678,133,17,1002,386,1934,6,36,142,220405,162442,1530,382847,163972,384378,2829,2819,905422,439411,466011,29.41176,32,0
2020-02-16,5,코엑스점,64,0,0,1,1,0,99_etc,0.8,429,1723,63,826,151,1910,6601,93,48,73,316792,412548,3225,729340,415773,732565,8596,8283,724912,350178,374734,29.41176,32,0
2020-03-01,1,G속초조양,40,0,0,1,99,0,99_etc,6.5,4,357,63,8,307,396,1698,39,667,57,52013,37566,38,89579,37604,89617,0,0,0,0,0,55.88235,36,0
2020-03-01,2,G화곡점,40,0,0,1,99,0,99_etc,5.0,93,1023,137,8,616,268,1235,8,64,47,192199,100489,402,292687,100891,293090,4311,4453,794220,370901,423319,55.88235,36,0
2020-03-01,3,가락점,64,0,0,1,1,0,99_etc,7.0,520,144,15,26,747,282,2000,10,280,178,302141,149986,343,452127,150328,452469,2282,2154,821694,402942,418752,55.88235,36,0
2020-03-01,4,개화산점,88,0,0,1,1,0,99_etc,5.0,93,1023,137,8,616,268,1235,8,64,47,192199,100489,402,292687,100891,293090,1808,1891,937774,454309,483465,55.88235,36,0
2020-03-01,5,코엑스점,88,0,0,1,1,0,99_etc,6.7,297,602,24,240,103,1035,4100,40,47,11,266074,207760,949,473833,208709,474783,3435,3363,559331,272577,286754,55.88235,36,0
2020-03-15,1,G속초조양,520,0,0,1,1,0,99_etc,5.2,0,413,140,44,521,707,3077,38,1083,120,53221,56760,21,109980,56781,110002,0,0,0,0,0,61.7647,37,0
2020-03-15,2,G화곡점,256,0,0,1,1,0,99_etc,5.0,99,1090,102,9,815,269,1691,10,135,99,196290,124212,138,320502,124349,320640,4794,5045,802810,373019,429791,61.7647,37,0
2020-03-15,3,가락점,88,0,0,1,1,0,99_etc,6.3,412,198,32,50,973,420,3019,11,505,266,310730,193707,366,504438,194074,504804,2601,2582,798665,389885,408780,61.7647,37,0
2020-03-15,4,개화산점,112,0,0,1,1,0,99_etc,5.0,99,1090,102,9,815,269,1691,10,135,99,196290,124212,138,320502,124349,320640,1907,1968,925588,449926,475662,61.7647,37,0
2020-03-15,5,코엑스점,64,0,0,1,1,0,99_etc,6.2,124,723,11,328,160,1150,6121,90,72,31,276266,266389,538,542654,266927,543192,4072,3991,584103,284550,299553,61.7647,37,0
2020-03-29,1,G속초조양,496,0,0,1,1,0,99_etc,6.4,0,411,132,21,556,819,2891,30,1151,105,52245,59896,11,112140,59906,112151,0,0,0,0,0,29.41176,40,0
2020-03-29,2,G화곡점,208,0,0,1,1,0,99_etc,7.7,73,971,134,4,846,284,1689,12,319,77,204883,142013,174,346895,142187,347070,5291,5536,795151,371532,423619,29.41176,40,0
2020-03-29,3,가락점,112,0,0,1,1,0,99_etc,10.2,300,228,26,72,1064,379,2782,22,872,239,324037,234202,205,558240,234407,558444,2815,2696,788754,386526,402228,29.41176,40,0
2020-03-29,4,개화산점,160,0,0,1,1,0,99_etc,7.7,73,971,134,4,846,284,1689,12,319,77,204883,142013,174,346895,142187,347070,2075,2165,929020,450203,478817,29.41176,40,0
2020-03-29,5,코엑스점,40,0,0,1,99,0,99_etc,9.0,102,736,18,341,140,1147,5178,92,122,39,287973,297976,547,585949,298523,586496,3761,3599,590352,287757,302595,29.41176,40,0
2020-04-05,1,G속초조양,760,0,0,1,1,0,99_etc,6.5,0,419,111,16,449,611,2798,25,1179,100,54575,56746,35,111321,56780,111356,0,0,0,0,0,58.82352,41,0
2020-04-05,2,G화곡점,304,0,0,1,1,0,99_etc,7.9,56,881,178,14,839,313,1767,14,205,60,202849,117642,137,320491,117779,320629,5341,5521,790681,368810,421871,58.82352,41,0
2020-04-05,3,가락점,160,0,0,1,1,0,99_etc,8.8,169,258,28,49,1059,325,2880,11,674,194,320124,195979,267,516103,196246,516370,2948,2826,766970,375558,391412,58.82352,41,0
2020-04-05,4,개화산점,40,0,0,1,99,0,99_etc,7.9,56,881,178,14,839,313,1767,14,205,60,202849,117642,137,320491,117779,320629,2017,2129,931474,452910,478564,58.82352,41,0
2020-04-05,5,코엑스점,112,0,0,1,1,0,99_etc,8.8,79,808,31,332,108,960,5656,101,100,22,280732,262706,866,543438,263573,544304,3615,3611,576136,280171,295965,58.82352,41,0
2020-04-19,1,G속초조양,448,0,0,1,1,0,99_etc,9.5,0,316,91,15,507,535,2305,18,685,71,52440,53508,13,105949,53521,105961,0,0,0,0,0,44.11764,37,0
2020-04-19,2,G화곡점,328,0,0,1,0,0,99_etc,13.2,64,987,160,21,1024,287,1922,10,82,85,201369,134925,108,336294,135033,336402,5547,5839,798676,374896,423780,44.11764,37,0
2020-04-19,3,가락점,88,0,0,1,1,0,99_etc,14.2,123,188,32,48,1150,388,2914,4,263,220,323260,216598,171,539858,216768,540028,3102,2944,789694,389999,399695,44.11764,37,0
2020-04-19,4,개화산점,112,0,0,1,1,0,99_etc,13.2,64,987,160,21,1024,287,1922,10,82,85,201369,134925,108,336294,135033,336402,2074,2153,895245,437812,457433,44.11764,37,0
2020-04-19,5,코엑스점,88,2,0,1,0,0,99_etc,13.7,87,951,14,437,135,998,6309,64,87,49,307132,327492,454,634624,327946,635078,4362,4322,607993,291428,316565,44.11764,37,0
2020-05-03,1,G속초조양,184,0,0,1,1,0,99_etc,22.4,0,879,229,96,751,2471,5377,46,1914,214,56508,97143,11,153650,97154,153661,0,0,0,0,0,32.35294,32,0
2020-05-03,2,G화곡점,256,0,0,1,0,0,99_etc,21.7,106,1418,203,12,1194,329,2392,20,223,104,212034,158154,133,370188,158288,370321,6674,6910,738350,345443,392907,32.35294,32,0
2020-05-03,3,가락점,88,1,0,1,0,0,99_etc,22.1,274,391,40,56,1296,468,3532,9,673,368,341750,257148,271,598899,257420,599170,3855,3890,738734,366453,372281,32.35294,32,0
2020-05-03,4,개화산점,64,0,0,1,1,0,99_etc,21.7,106,1418,203,12,1194,329,2392,20,223,104,212034,158154,133,370188,158288,370321,2321,2415,830733,403710,427023,32.35294,32,0
2020-05-03,5,코엑스점,40,0,0,1,99,0,99_etc,21.8,118,1486,27,449,161,1391,6731,99,110,71,320901,357795,453,678696,358248,679149,4834,4854,610507,290179,320328,32.35294,32,0
2020-05-17,1,G속초조양,160,0,0,1,1,0,99_etc,16.9,0,468,141,38,526,750,2773,37,1064,99,58233,65677,23,123910,65701,123934,0,0,0,0,0,52.94117,37,1
2020-05-17,2,G화곡점,112,0,0,1,1,0,99_etc,19.0,73,1572,232,22,1065,338,2417,12,224,101,228522,170803,154,399325,170958,399480,7240,7315,772079,362551,409528,52.94117,37,1
2020-05-17,3,가락점,64,0,0,1,1,0,99_etc,19.8,313,521,50,101,1194,487,3882,28,735,231,359748,272671,442,632418,273113,632861,4329,4157,786132,389596,396536,52.94117,37,1
2020-05-17,4,개화산점,40,0,0,1,99,0,99_etc,19.0,73,1572,232,22,1065,338,2417,12,224,101,228522,170803,154,399325,170958,399480,2487,2492,867257,420926,446331,52.94117,37,1
2020-05-17,5,코엑스점,64,0,0,1,1,0,99_etc,19.8,151,1453,42,640,202,1467,7329,96,191,52,341061,397670,885,738731,398555,739616,5744,5656,657558,318174,339384,52.94117,37,1
2020-05-31,1,G속초조양,256,0,0,1,1,0,99_etc,18.8,0,571,217,42,608,957,3924,39,1280,147,58292,79373,17,137666,79390,137682,0,0,0,0,0,47.05882,41,1
2020-05-31,2,G화곡점,112,0,0,1,1,0,99_etc,21.4,86,1815,234,34,989,361,2107,30,223,61,221504,170891,218,392395,171109,392614,6564,6784,764876,358390,406486,47.05882,41,1
2020-05-31,3,가락점,40,0,0,1,99,0,99_etc,21.9,345,407,36,74,1326,560,3680,16,653,325,354666,279206,261,633871,279467,634132,3941,3813,788125,389424,398701,47.05882,41,1
2020-05-31,4,개화산점,88,1,0,1,0,0,99_etc,21.4,86,1815,234,34,989,361,2107,30,223,61,221504,170891,218,392395,171109,392614,2302,2398,862216,419115,443101,47.05882,41,1
2020-05-31,5,코엑스점,64,0,0,1,1,0,99_etc,22.0,140,1421,34,551,189,1726,7169,105,160,56,337572,409843,590,747415,410433,748004,5543,5547,665932,313680,352252,47.05882,41,1
2020-06-07,1,G속초조양,160,0,0,1,1,0,99_etc,20.1,3,599,214,52,754,1248,4516,49,1351,145,58198,85904,25,144102,85929,144127,0,0,0,0,0,55.88235,45,1
2020-06-07,2,G화곡점,232,0,0,1,1,0,99_etc,23.1,106,1950,234,27,1052,415,2192,11,231,81,218488,144785,263,363272,145047,363535,6545,6735,765684,357464,408220,55.88235,45,1
2020-06-07,3,가락점,88,0,0,1,1,0,99_etc,23.9,357,420,51,71,1369,504,3789,17,608,300,357522,247825,211,605346,248036,605557,4218,4112,781195,388060,393135,55.88235,45,1
2020-06-07,4,개화산점,112,0,0,1,1,0,99_etc,23.1,106,1950,234,27,1052,415,2192,11,231,81,218488,144785,263,363272,145047,363535,2262,2338,854330,415505,438825,55.88235,45,1
2020-06-07,5,코엑스점,88,0,0,1,1,0,99_etc,24.0,157,1542,58,942,154,1333,7341,100,158,44,334138,377601,540,711739,378141,712279,6191,6122,687088,330366,356722,55.88235,45,1
2020-06-21,1,G속초조양,256,0,0,1,0,0,99_etc,22.5,5,698,197,42,848,1622,5142,54,1572,148,58426,91409,35,149835,91444,149870,0,0,0,0,0,55.88235,61,1
2020-06-21,2,G화곡점,328,0,0,1,0,1,03_week1,25.4,162,2397,252,57,1214,465,2533,25,233,79,215778,164640,290,380419,164930,380709,7090,7354,756771,350784,405987,55.88235,61,1
2020-06-21,3,가락점,232,0,0,1,0,1,03_week1,26.0,347,395,59,85,1279,537,3997,21,514,313,349832,256480,277,606312,256757,606589,4235,4137,788754,387145,401609,55.88235,61,1
2020-06-21,4,개화산점,160,0,0,1,0,1,03_week1,25.4,162,2397,252,57,1214,465,2533,25,233,79,215778,164640,290,380419,164930,380709,2389,2418,840151,407962,432189,55.88235,61,1
2020-06-21,5,코엑스점,160,0,0,1,1,1,03_week1,26.0,243,1715,42,896,186,1987,8157,125,154,64,331002,413829,604,744832,414434,745436,7568,7553,739814,350398,389416,55.88235,61,1
2020-07-05,1,G속초조양,208,0,0,1,1,0,99_etc,22.9,4,649,172,43,845,1747,4898,48,1573,132,58279,96208,21,154486,96229,154507,0,0,0,0,0,23.52941,81,1
2020-07-05,2,G화곡점,40,0,0,1,99,0,99_etc,23.6,145,2205,205,29,1178,474,2543,26,210,80,215457,165221,236,380677,165457,380913,7157,7375,756152,353583,402569,23.52941,81,1
2020-07-05,3,가락점,88,0,0,1,1,0,99_etc,23.8,288,382,33,122,1340,566,4057,29,600,324,357802,261471,798,619273,262269,620071,4380,4220,797648,391436,406212,23.52941,81,1
2020-07-05,4,개화산점,208,0,0,1,1,0,99_etc,23.6,145,2205,205,29,1178,474,2543,26,210,80,215457,165221,236,380677,165457,380913,2421,2627,840203,405915,434288,23.52941,81,1
2020-07-05,5,코엑스점,112,0,0,1,1,0,99_etc,23.8,240,1684,40,1325,179,1870,8116,119,134,60,338509,418754,838,757264,419592,758101,7142,7248,722405,344683,377722,23.52941,81,1
2020-07-19,1,G속초조양,136,0,0,1,1,0,99_etc,20.5,12,528,157,93,775,1762,4755,26,1314,200,58744,95774,10,154518,95784,154528,0,0,0,0,0,67.64705,76,1
2020-07-19,2,G화곡점,64,0,0,1,1,0,99_etc,25.0,242,2137,151,41,1225,533,2547,14,103,92,215940,175508,456,391447,175964,391903,6297,6481,779771,363751,416020,67.64705,76,1
2020-07-19,3,가락점,88,0,0,1,1,0,99_etc,25.1,542,335,38,85,1306,606,4031,15,343,513,356801,269574,395,626374,269969,626769,4051,3806,813599,397726,415873,67.64705,76,1
2020-07-19,4,개화산점,88,1,0,1,0,0,99_etc,25.0,242,2137,151,41,1225,533,2547,14,103,92,215940,175508,456,391447,175964,391903,2097,2115,858959,419438,439521,67.64705,76,1
2020-07-19,5,코엑스점,64,0,0,1,1,0,99_etc,25.2,368,1587,41,717,177,1766,8320,117,61,154,339101,422170,565,761271,422735,761836,6497,6397,734442,348308,386134,67.64705,76,1
2020-08-02,1,G속초조양,304,0,0,1,1,0,99_etc,26.1,7,894,249,99,862,3177,5839,25,1787,221,57138,124386,14,181524,124400,181538,0,0,0,0,0,41.17647,55,1
2020-08-02,2,G화곡점,232,0,0,1,1,0,99_etc,25.1,231,2411,131,110,1390,553,2497,18,57,132,200046,148302,219,348348,148521,348567,5750,6027,753143,354227,398916,41.17647,55,1
2020-08-02,3,가락점,112,0,0,1,1,0,99_etc,25.1,322,371,68,87,1260,574,4065,17,193,753,329896,226142,456,556038,226598,556494,3422,3286,772515,376642,395873,41.17647,55,1
2020-08-02,4,개화산점,112,0,0,1,1,0,99_etc,25.1,231,2411,131,110,1390,553,2497,18,57,132,200046,148302,219,348348,148521,348567,2057,2039,823609,400188,423421,41.17647,55,1
2020-08-02,5,코엑스점,112,0,0,1,1,0,99_etc,25.6,383,1794,36,934,160,1874,7921,88,41,192,314818,351372,1283,666190,352655,667473,7207,7382,759413,345594,413819,41.17647,55,1
2020-08-16,1,G속초조양,304,0,0,1,1,0,99_etc,28.9,15,1163,370,132,924,4310,8338,52,2674,325,57082,161658,26,218739,161684,218766,0,0,0,0,0,38.23529,46,1
2020-08-16,2,G화곡점,160,0,0,1,1,0,99_etc,28.5,602,2526,198,101,1286,745,2739,12,124,152,207172,181213,188,388385,181400,388572,6905,7039,710825,333044,377781,38.23529,46,1
2020-08-16,3,가락점,88,0,0,1,1,0,99_etc,28.6,728,385,59,130,1361,636,4317,15,495,594,337670,286552,274,624222,286826,624495,4229,3956,748330,368948,379382,38.23529,46,1
2020-08-16,4,개화산점,40,0,0,1,99,0,99_etc,28.5,602,2526,198,101,1286,745,2739,12,124,152,207172,181213,188,388385,181400,388572,2337,2470,796000,387163,408837,38.23529,46,1
2020-08-16,5,코엑스점,64,0,0,1,1,0,99_etc,28.4,435,1574,39,982,239,2670,8879,102,76,146,320393,436982,491,757375,437473,757867,7630,7836,756640,352061,404579,38.23529,46,1
2020-08-30,1,G속초조양,280,0,0,1,1,0,99_etc,23.4,10,315,100,24,650,1182,3066,22,895,65,55076,68659,21,123735,68680,123756,0,0,0,0,0,44.11764,74,1
2020-08-30,2,G화곡점,40,0,0,1,99,0,99_etc,27.9,110,1710,174,21,806,404,1497,14,199,44,193393,128985,201,322378,129186,322579,4328,4315,787084,366733,420351,44.11764,74,1
2020-08-30,3,가락점,160,0,0,1,1,0,99_etc,28.5,489,140,6,34,1081,477,2725,4,422,130,321122,187803,272,508924,188075,509196,2344,2228,798413,386150,412263,44.11764,74,1
2020-08-30,4,개화산점,40,0,0,1,99,0,99_etc,27.9,110,1710,174,21,806,404,1497,14,199,44,193393,128985,201,322378,129186,322579,1574,1640,858921,416389,442532,44.11764,74,1
2020-08-30,5,코엑스점,64,0,0,1,1,0,99_etc,28.9,188,887,22,345,182,1363,5092,55,66,20,293842,269612,833,563455,270445,564287,3605,3560,570468,279569,290899,44.11764,74,1
2020-09-06,1,G속초조양,184,0,0,1,1,0,99_etc,18.8,4,283,66,26,572,779,2611,23,766,65,58716,56186,8,114901,56193,114909,0,0,0,0,0,35.29411,56,0
2020-09-06,2,G화곡점,184,0,0,1,1,0,99_etc,22.0,90,1388,161,22,913,344,1573,19,162,60,191275,113047,174,304321,113221,304496,4419,4619,775844,360053,415791,35.29411,56,0
2020-09-06,3,가락점,88,0,0,1,1,0,99_etc,22.9,109,143,7,33,1206,432,2706,10,410,109,324576,172501,210,497077,172711,497287,2531,2455,808793,394021,414772,35.29411,56,0
2020-09-06,4,개화산점,88,0,0,1,1,0,99_etc,22.0,90,1388,161,22,913,344,1573,19,162,60,191275,113047,174,304321,113221,304496,1654,1703,851743,412013,439730,35.29411,56,0
2020-09-06,5,코엑스점,40,0,0,1,99,0,99_etc,23.0,224,903,12,294,164,1156,5234,75,79,31,290913,237356,644,528269,238000,528913,3527,3414,563149,275638,287511,35.29411,56,0
2020-09-20,1,G속초조양,40,0,0,1,99,0,99_etc,19.1,3,585,129,25,671,1057,3628,38,1222,115,61303,67228,14,128530,67242,128544,0,0,0,0,0,61.7647,45,0
2020-09-20,2,G화곡점,40,0,0,1,99,0,99_etc,19.1,110,2009,204,37,1189,453,2110,19,271,107,209514,149776,451,359289,150226,359740,6058,6232,754667,348595,406072,61.7647,45,0
2020-09-20,3,가락점,40,0,0,1,99,0,99_etc,21.0,356,316,33,82,1463,508,3427,15,953,285,363269,250141,425,613410,250566,613835,3556,3362,786371,381777,404594,61.7647,45,0
2020-09-20,4,개화산점,40,0,0,1,99,0,99_etc,19.1,110,2009,204,37,1189,453,2110,19,271,107,209514,149776,451,359289,150226,359740,2141,2273,833309,404959,428350,61.7647,45,0
2020-09-20,5,코엑스점,40,0,0,1,99,0,99_etc,20.3,247,1283,32,589,162,1586,7258,117,158,38,331163,362803,639,693966,363442,694605,4936,4789,604259,291626,312633,61.7647,45,0
2020-10-04,1,G속초조양,40,0,0,1,99,0,99_etc,19.2,3,500,79,16,387,622,2043,33,751,74,62692,56395,17,119087,56413,119105,0,0,0,0,0,79.41176,36,0
2020-10-04,2,G화곡점,40,0,0,1,99,0,99_etc,18.8,193,2412,164,85,1232,424,1995,19,188,91,204747,131128,407,335874,131534,336281,5828,6110,759453,356502,402951,79.41176,36,0
2020-10-04,3,가락점,40,0,0,1,99,0,99_etc,19.8,462,315,57,113,1343,461,3305,15,906,376,345607,216668,386,562275,217054,562661,3255,3207,781478,386734,394744,79.41176,36,0
2020-10-04,4,개화산점,40,0,0,1,99,0,99_etc,18.8,193,2412,164,85,1232,424,1995,19,188,91,204747,131128,407,335874,131534,336281,2164,2256,834852,408772,426080,79.41176,36,0
2020-10-04,5,코엑스점,40,0,0,1,99,0,99_etc,19.2,256,1057,56,392,181,1191,6491,91,150,53,320723,304784,937,625506,305721,626443,4559,4612,572086,269727,302359,79.41176,36,0
2020-10-18,1,G속초조양,40,0,0,1,99,0,99_etc,14.8,0,728,202,70,743,1442,3768,41,1408,157,62822,93030,26,155852,93056,155878,0,0,0,0,0,47.05882,33,0
2020-10-18,2,G화곡점,40,0,0,1,99,0,99_etc,12.4,130,2774,267,138,1297,604,2489,30,175,175,211669,178560,388,390229,178947,390617,7343,7559,742675,344494,398181,47.05882,33,0
2020-10-18,3,가락점,40,0,0,1,99,0,99_etc,13.9,425,679,61,142,1590,615,4201,23,1105,560,357228,297892,220,655120,298112,655340,4401,4173,784880,389667,395213,47.05882,33,0
2020-10-18,4,개화산점,40,0,0,1,99,0,99_etc,12.4,130,2774,267,138,1297,604,2489,30,175,175,211669,178560,388,390229,178947,390617,2496,2509,831762,406322,425440,47.05882,33,0
2020-10-18,5,코엑스점,40,0,0,1,99,0,99_etc,13.5,335,1648,82,690,213,2443,8125,123,171,103,343679,469074,1140,812752,470214,813893,6209,6195,651363,313233,338130,47.05882,33,0
2020-11-01,1,G속초조양,40,0,0,1,99,0,99_etc,16.5,4,790,150,76,675,1244,3605,46,1226,161,62580,78088,23,140669,78111,140691,0,0,0,0,0,44.11764,38,0
2020-11-01,2,G화곡점,40,0,0,1,99,0,99_etc,13.2,119,2911,172,140,1560,569,2290,19,59,101,216454,185798,374,402252,186172,402626,6957,7391,748790,348246,400544,44.11764,38,0
2020-11-01,3,가락점,40,0,0,1,99,0,99_etc,14.0,427,628,58,109,1582,770,4394,11,338,682,345559,263042,195,608601,263238,608796,3894,3797,788329,387969,400360,44.11764,38,0
2020-11-01,4,개화산점,40,0,0,1,99,0,99_etc,13.2,119,2911,172,140,1560,569,2290,19,59,101,216454,185798,374,402252,186172,402626,2421,2352,829561,405279,424282,44.11764,38,0
2020-11-01,5,코엑스점,40,0,0,1,99,0,99_etc,13.7,425,1856,76,1567,215,2293,8409,119,102,179,330995,426447,485,757442,426932,757927,7327,7271,697292,332012,365280,44.11764,38,0
2020-11-15,1,G속초조양,40,0,0,1,99,0,99_etc,12.9,5,814,173,91,642,1329,3735,49,1308,153,61278,74802,16,136080,74818,136096,0,0,0,0,0,50.0,38,0
2020-11-15,2,G화곡점,40,0,0,1,99,0,99_etc,10.3,128,3083,163,128,1439,593,2401,34,96,111,219793,215982,372,435775,216353,436146,7547,7847,737047,341751,395296,50.0,38,0
2020-11-15,3,가락점,40,0,0,1,99,0,99_etc,12.1,424,493,77,210,1629,697,4150,27,630,628,351579,292103,288,643681,292391,643969,4378,4252,778118,384877,393241,50.0,38,0
2020-11-15,4,개화산점,40,0,0,1,99,0,99_etc,10.3,128,3083,163,128,1439,593,2401,34,96,111,219793,215982,372,435775,216353,436146,2633,2652,821750,400857,420893,50.0,38,0
2020-11-15,5,코엑스점,40,0,0,1,99,0,99_etc,10.5,332,1967,91,1321,209,2348,8456,171,170,126,337011,474842,535,811853,475376,812388,8211,8183,723383,345985,377398,50.0,38,0
2020-11-29,1,G속초조양,40,0,0,1,99,0,99_etc,2.4,0,492,92,50,432,807,2753,21,869,70,59178,55360,24,114537,55383,114561,0,0,0,0,0,58.82352,37,0
2020-11-29,2,G화곡점,40,0,0,1,99,0,99_etc,0.3,85,2254,134,53,1109,442,1626,32,88,87,201352,168164,363,369516,168527,369879,5365,5653,773241,362492,410749,58.82352,37,0
2020-11-29,3,가락점,40,0,0,1,99,0,99_etc,0.9,570,336,41,78,1443,647,3033,18,387,251,327943,227161,252,555104,227412,555355,3769,3658,790889,386119,404770,58.82352,37,0
2020-11-29,4,개화산점,40,0,0,1,99,0,99_etc,0.3,85,2254,134,53,1109,442,1626,32,88,87,201352,168164,363,369516,168527,369879,1955,2008,849286,413241,436045,58.82352,37,0
2020-11-29,5,코엑스점,40,0,0,1,99,0,99_etc,0.7,355,1320,55,748,188,1839,6330,88,95,58,308294,342230,610,650524,342840,651134,4810,4623,601274,294274,307000,58.82352,37,0
